step,value
0,0.039726
0,0.030725
0,0.034384
0,0.03352
0,0.040968
0,0.040032
0,0.043472
0,0.031677
0,0.036463
0,0.030604
0,0.032493
0,0.04438
50,0.038838
50,0.032076
50,0.04352
150,0.038374
300,0.044513
300,0.043693
350,0.032951
400,0.043785
450,0.042784
600,0.043381
600,0.033716
800,0.033197
800,0.039372
850,0.042671
900,0.039025
950,0.036331
950,0.032842
