step,value
0,176.982139
0,175.782916
0,176.269372
0,176.15439
0,177.148248
0,177.023045
0,177.483573
0,175.909316
0,176.546404
0,175.766862
0,176.017849
0,177.605282
50,176.863369
50,175.962342
50,177.489983
150,176.801505
300,177.623204
300,177.51321
350,176.078674
400,177.525461
450,177.391376
600,177.471357
600,176.180407
800,176.111478
800,176.934822
850,177.376248
900,176.888362
950,176.528847
950,176.06418
