step,value
0,81.982139
0,80.782916
0,81.269372
0,81.15439
0,82.148248
0,82.023045
0,82.483573
0,80.909316
0,81.546404
0,80.766862
0,81.017849
0,82.605282
50,81.863369
50,80.962342
50,82.489983
150,81.801505
300,82.623204
300,82.51321
350,81.078674
400,82.525461
450,82.391376
600,82.471357
600,81.180407
800,81.111478
800,81.934822
850,82.376248
900,81.888362
950,81.528847
950,81.06418
