step,value
0,158.964277
0,156.565832
0,157.538743
0,157.30878
0,159.296496
0,159.04609
0,159.967147
0,156.818631
0,158.092808
0,156.533725
0,157.035699
0,160.210564
50,158.726738
50,156.924684
50,159.979967
150,158.60301
300,160.246408
300,160.026421
350,157.157348
400,160.050922
450,159.782753
600,159.942714
600,157.360814
800,157.222956
800,158.869644
850,159.752496
900,158.776723
950,158.057695
950,157.128359
