step,value
0,0.463223
0,0.459561
0,0.461052
0,0.4607
0,0.463726
0,0.463347
0,0.464739
0,0.459949
0,0.461898
0,0.459511
0,0.460282
0,0.465106
50,0.462862
50,0.460112
50,0.464759
150,0.462674
300,0.46516
300,0.464829
350,0.460468
400,0.464865
450,0.464461
600,0.464702
600,0.46078
800,0.460569
800,0.463079
850,0.464415
900,0.462938
950,0.461844
950,0.460424
