step,value
0,1.113345
0,1.122741
0,1.118895
0,1.1198
0,1.112066
0,1.11303
0,1.1095
0,1.121737
0,1.116726
0,1.122869
0,1.120878
0,1.108574
50,1.114263
50,1.121317
50,1.109451
150,1.114742
300,1.108438
300,1.109274
350,1.120397
400,1.109181
450,1.110204
600,1.109593
600,1.119595
800,1.120138
800,1.113711
850,1.110319
900,1.11407
950,1.116863
950,1.120512
