t,pop,K_tot,n_loans
1,32,949.1658705021367,30
2,60,1944.1699529446175,89
3,87,3061.886410386223,174
4,116,4404.260343028524,289
5,139,5748.774453797572,425
6,178,7720.13692183893,598
7,204,9584.46805741481,797
8,230,11633.165022475669,1018
9,259,13991.140296114296,1269
10,295,16789.69242911905,1559
11,322,19629.611112558814,1877
12,346,22639.820704440677,2218
13,382,26268.690905849966,2591
14,408,29900.551641753213,2997
15,437,33926.791604799466,3426
16,462,38120.122464563414,3883
17,482,42514.10422718514,4356
18,517,47634.46206655497,4864
19,551,53048.31686692825,5413
20,581,58754.37898261344,5987
21,614,64920.252752368164,6591
22,640,71268.88570926726,7223
23,667,78022.94911054462,7869
24,705,85506.04774782216,8564
25,737,93288.61845630192,9287
26,760,101230.96156562558,10035
27,784,109581.63810320174,10805
28,812,118487.43142505057,11599
29,840,127846.0466425827,12419
30,866,137513.24692698344,13269
31,899,147960.75887767744,14157
32,929,158739.4359956099,15071
33,956,169882.0069146781,16010
34,978,181410.113030925,16966
35,994,193312.23691549245,17944
36,1029,206122.65736511414,18961
37,1055,219165.0265882576,20001
38,1093,233144.9231900119,21066
39,1118,247353.6952132595,22169
40,1145,261946.47251209186,23297
41,1167,277047.0495465417,24441
42,1195,292943.1496123286,25611
43,1219,309299.160707485,26813
44,1250,326385.88728294935,28030
45,1270,343730.19297889457,29275
46,1309,362118.1780892565,30559
47,1341,380954.146541562,31870
48,1379,400656.7513090984,33219
49,1417,420827.7513451046,34612
50,1443,441419.16559018317,36021
51,1474,462942.6311741112,37473
52,1503,484969.52176161,38942
53,1528,507557.67684132437,40438
54,1560,530867.6582788952,41966
55,1586,554719.4784703718,43524
56,1613,579342.3758651539,45099
57,1636,604293.7439580377,46698
58,1663,630117.4105550429,48325
59,1691,656818.7595075106,49981
60,1723,684065.039747945,51668
61,1754,711943.5218485158,53387
62,1786,740685.0957076419,55142
63,1819,769910.5008678385,56922
64,1855,800655.9607556713,58739
65,1885,831585.4322566717,60596
66,1920,863554.8046453238,62483
67,1958,896488.4427085319,64412
68,1990,929732.935152999,66362
69,2013,963441.787461708,68346
70,2040,998390.321534044,70347
71,2069,1033347.2788404597,72345
72,2107,1070025.2778705629,74410
73,2139,1107523.657158933,76510
74,2162,1144573.4082468227,78589
75,2197,1183433.7322022982,80741
76,2225,1221133.1948980638,82815
77,2256,1259991.7985206817,84960
78,2286,1298588.7979480352,87010
79,2310,1339371.5038341451,89227
80,2340,1378267.8729807932,91369
81,2379,1420995.9902992153,93683
82,2372,1439928.7080864,94648
83,2401,1480913.2037034642,96708
84,2409,1513511.478603177,98434
85,2411,1546225.2687651261,99931
86,2336,1527436.0626727256,98096
87,2237,1490874.794068234,94656
88,2240,1520141.2897032797,96014
89,2233,1536078.0058717956,96078
90,2225,1555178.0450354659,96648
91,2239,1588400.796310528,98339
92,2227,1603677.1044052786,98630
93,2158,1576926.9993429095,95318
94,2136,1580258.0847455575,94699
95,2133,1594918.9984470622,95116
96,2129,1616139.1873046453,95880
97,2131,1645860.5618374583,97188
98,2106,1640845.2822251807,96223
99,2121,1665301.9272575958,97235
100,2062,1641368.997218238,95241
101,2067,1662681.2596833608,95950
102,2065,1677379.6162727072,96486
103,2037,1671654.1227501174,95359
104,2017,1673516.1351169888,94914
105,1911,1600145.1889370952,89455
106,1906,1614133.5482263204,89675
107,1930,1647852.086374288,91191
108,1933,1669882.4125459557,92011
109,1932,1678753.4745820998,91953
110,1892,1657605.0010614165,90053
111,1904,1679565.7820137118,91074
112,1883,1680751.0799334478,90274
113,1866,1681120.2838888045,89728
114,1869,1698401.659255408,90015
115,1796,1637397.3522441976,86154
116,1763,1618755.9063673655,85100
117,1754,1611178.0291774545,84352
118,1732,1607500.5107959225,83181
119,1711,1599929.56100431,82478
120,1713,1616162.2736248346,83300
121,1709,1618587.9247643312,83247
122,1694,1611422.9345499694,82623
123,1648,1576876.0805411339,80236
124,1605,1540857.4758844331,77705
125,1576,1510152.9153664734,75756
126,1576,1507302.4054379154,75251
127,1563,1489194.4030887655,73466
128,1568,1492843.4153499831,73324
129,1552,1475043.3559865465,72131
130,1508,1437113.5124527463,70436
131,1501,1431652.564167465,69563
132,1493,1427242.710516784,68770
133,1491,1433341.0734175008,68562
134,1468,1424101.3163564762,67913
135,1444,1400857.6897818835,66479
136,1428,1391101.8220990037,65756
137,1386,1351871.569640008,62952
138,1380,1347479.1310466349,62809
139,1370,1321420.0519780233,61297
140,1401,1347899.985328551,62511
141,1408,1350611.168151512,61955
142,1403,1342520.5299514593,61393
143,1376,1313325.1304910667,60007
144,1355,1296780.4752167065,58859
145,1341,1286967.6194807126,57817
146,1321,1266766.278255354,56899
147,1307,1258313.7441039877,56552
148,1301,1248834.4911431668,56269
149,1322,1266481.4548639702,57390
150,1301,1247419.8056517425,56415
151,1253,1200736.0043932372,53745
152,1276,1223298.8647856112,54600
153,1275,1223710.0163249567,54896
154,1278,1222932.5736901711,54437
155,1258,1205351.0089282484,53523
156,1249,1203753.5861943637,53447
157,1233,1193065.886435627,53282
158,1233,1198019.040769668,53487
159,1220,1189249.5237491361,53228
160,1219,1190577.8415254215,53245
161,1207,1175178.7677222304,52391
162,1177,1153414.8855086684,51123
163,1161,1141766.2072008322,50705
164,1138,1114416.6185595023,49555
165,1138,1114301.4450224638,49401
166,1153,1124150.824252268,49946
167,1157,1130509.705951922,50170
168,1172,1131803.8739300235,49699
169,1160,1115028.1324582112,48771
170,1178,1132329.685331375,49614
171,1181,1129719.68259222,49722
172,1175,1117855.641890191,49292
173,1163,1099424.4016283257,48719
174,1173,1108801.4106277358,48902
175,1151,1082696.9987726386,47196
176,1176,1099306.5142837558,48130
177,1153,1078314.1989265052,47116
178,1147,1065919.6382349888,46434
179,1105,1030081.5248017514,43859
180,1115,1035245.4392141409,43966
181,1075,997785.2317071324,41778
182,1069,990184.3468668709,42000
183,1079,997727.7405717598,42814
184,1092,1013207.651158962,43556
185,1049,976497.2361230205,41064
186,1046,964867.2302154896,40752
187,1056,970608.0973946082,40881
188,1070,969145.0602225894,40808
189,1081,976727.4361275553,41456
190,1047,944033.1143976739,39859
191,1044,938087.6393758723,39408
192,1055,953168.4411548332,40293
193,1066,955938.3077202904,40775
194,1052,939975.526393885,39566
195,1021,908933.6846770308,37763
196,1027,914297.7845091332,37924
197,1037,924515.8052053091,38601
198,1054,932136.596203066,39280
199,1054,921328.4895395279,38751
200,1024,891727.404140936,37082
201,1019,891381.8358782072,37257
202,1032,897952.7372693607,37687
203,1028,894583.8072899056,37793
204,1042,901710.5793797866,38202
205,1053,908355.515553981,38434
206,996,856562.8937261804,35669
207,1022,873715.8543658999,36559
208,1023,870479.7546707336,36595
209,1025,867909.7990560952,36404
210,1018,859200.0361894524,36199
211,1029,865354.8798699272,36734
212,1013,848596.0639119366,35974
213,1051,866116.6824257935,36850
214,1036,847093.902832618,36163
215,1029,842075.6202784627,36297
216,1048,858789.3347723424,37172
217,1058,861948.2290368931,37333
218,1047,855863.9203530133,37443
219,1066,868339.9784378449,38195
220,1034,840280.2668973901,36250
221,1052,851812.204495083,37007
222,1068,860968.4254066513,37369
223,1049,851833.751547302,37030
224,1052,850529.9243479677,36885
225,1072,856787.0097997821,37262
226,1065,844849.8957202921,36852
227,1025,812696.6325940883,34726
228,1056,832429.6327103558,35719
229,1071,837299.2024233217,35904
230,1068,833796.5274470055,35412
231,1078,842760.8153107612,36220
232,1081,841513.664465,36341
233,1092,847636.9668603805,36775
234,1100,847117.697341639,36837
235,1127,858933.8331847569,37535
236,1093,827913.6718820118,35414
237,1117,844475.6045379235,36394
238,1094,830593.501303083,35654
239,1081,820618.3103718759,35061
240,1089,827986.6447127651,35432
241,1112,845345.7785972445,36351
242,1058,808304.8771468477,34681
243,1071,820997.5588157807,35196
244,1095,833896.8720928985,35987
245,1075,816760.9889352439,34718
246,1095,837622.9381053798,35757
247,1118,855684.0224657287,36696
248,1130,867408.4884867177,37266
249,1121,863631.671341087,37202
250,1126,870569.7770744801,37614
251,1144,882941.3107968019,38330
252,1070,831622.280195411,35555
253,1060,823295.5711729294,34900
254,1076,831014.7876183286,35233
255,1103,849906.1639985648,36234
256,1067,822342.4445619829,34765
257,1073,834650.2115819341,35443
258,1052,818142.2457665274,34696
259,1070,832844.469063468,35389
260,1100,851126.8225602688,36323
261,1120,864470.9051154238,37077
262,1140,878377.706854463,37763
263,1115,861097.8026662831,36949
264,1110,855737.2020361784,36247
265,1136,876083.1412429925,37278
266,1139,875267.1479380954,37617
267,1173,896228.382585691,38688
268,1144,877302.0065499871,37699
269,1129,865334.0879502462,37161
270,1145,874606.888559193,37497
271,1164,893698.4720204624,38566
272,1143,875350.1753552873,37707
273,1176,893974.1918521802,38553
274,1144,872372.0404242049,37585
275,1151,877378.6757438651,37805
276,1172,889620.0969280396,38350
277,1173,888195.5224164115,38537
278,1129,850874.6813066191,36345
279,1147,865197.4931636832,37139
280,1170,871989.5180688007,37254
281,1183,877116.6180270127,37231
282,1205,894764.6410709075,38146
283,1213,900891.4035569694,38889
284,1236,914595.8721755752,39456
285,1136,842004.9492616922,35373
286,1154,861135.729838492,36312
287,1161,863380.784609082,36149
288,1185,883757.9822347937,37195
289,1201,895427.3997995779,37910
290,1218,911775.9670547338,38728
291,1176,879489.6103872766,37621
292,1191,887267.5160121341,38194
293,1177,880045.259842604,37591
294,1207,901105.3559857954,38687
295,1226,912025.0035076098,39409
296,1200,890993.6377148626,38381
297,1183,874494.8329931218,37728
298,1199,888210.3172405813,38595
299,1202,888791.9245436457,38619
300,1195,885427.3910796472,38646
301,1188,877526.9661653042,37970
302,1198,882595.7743978341,38221
303,1207,893633.4564364527,39038
304,1181,877229.5821439524,38356
305,1187,888174.397060771,38965
306,1161,871084.3988862716,37227
307,1182,884291.9204325452,38029
308,1174,875707.6180533387,37541
309,1199,896495.6385754741,38652
310,1211,907386.0844233155,39304
311,1222,914640.1027422638,39947
312,1240,927643.1759817553,40665
313,1213,905180.9095946329,39486
314,1145,856548.07056835,35786
315,1148,863611.1078353275,35795
316,1178,886630.1124472425,36924
317,1181,891682.024664639,37240
318,1187,899090.3355706619,37641
319,1185,891336.5107806321,37594
320,1137,856285.414044486,35676
321,1144,868091.977871931,36473
322,1130,862559.6731027785,36048
323,1156,878893.0005231507,36893
324,1171,900456.6325548926,37981
325,1190,913184.7117503969,38776
326,1119,861259.3509236877,36002
327,1128,874814.4664443323,36714
328,1144,880899.8714909367,36956
329,1157,886467.7973790009,37236
330,1171,896634.5189915372,37945
331,1191,913070.6534445289,38690
332,1198,916225.160396251,39336
333,1197,917331.0031285656,39227
334,1212,930352.9046912359,39855
335,1209,930186.0502209631,39506
336,1231,946981.1011085893,40396
337,1178,906697.3326259996,38916
338,1193,915720.5996563856,39283
339,1188,914543.245457948,39204
340,1164,895321.1132799197,38330
341,1162,900435.2251681462,38132
342,1182,917525.1682551315,39041
343,1203,934986.7234866135,39964
344,1222,951653.6164053738,40919
345,1241,965209.4586399128,41660
346,1217,951769.4358301179,41320
347,1239,965778.7599686824,41905
348,1157,901958.2326500745,38804
349,1175,909356.060976267,39331
350,1173,904491.8596341489,38751
351,1207,924760.3366408466,39828
352,1207,931249.0250667764,40114
353,1223,946893.0528550971,40800
354,1207,934273.2385577258,40532
355,1195,921909.32391049,40349
356,1213,933773.1691040297,41102
357,1216,939081.0774395057,41640
358,1223,945102.246085518,42103
359,1213,937151.1405366895,41465
360,1207,935812.7317152277,41121
361,1190,920600.236691292,40448
362,1208,933177.5743029016,41306
363,1137,887829.499851638,38751
364,1159,908676.6193839898,39843
365,1176,925218.6979210494,40826
366,1144,906262.9400234171,39593
367,1133,894326.0714728605,38497
368,1140,902233.5841688215,38727
369,1157,910135.0622584292,39070
370,1164,914206.6780751292,39196
371,1174,923955.4044046846,39867
372,1185,929892.3310105372,40338
373,1192,944096.5338919712,41157
374,1187,944474.0210349731,41351
375,1169,936607.3022190374,40934
376,1168,937601.4466648278,41193
377,1172,945029.0819369319,41804
378,1199,960320.704085833,42620
379,1145,919434.1250288364,40223
380,1142,927311.3352411364,40656
381,1124,913011.8531383992,39263
382,1153,932671.2965082024,40301
383,1163,933952.3666764612,40610
384,1164,933985.109505514,40592
385,1174,945207.4117717226,41389
386,1169,946584.9520149241,41711
387,1146,925613.6535274853,40709
388,1159,929830.3088518925,41089
389,1185,949696.3398683205,42051
390,1158,932614.5577937483,41116
391,1169,938474.7075507907,41380
392,1179,943292.0158865969,41581
393,1207,966449.4673843423,42708
394,1161,928255.9975286175,40484
395,1179,940886.2929783487,41298
396,1158,932789.2553572077,41089
397,1104,886038.9191953205,37362
398,1114,896673.2223100201,37993
399,1125,905567.2018573723,38562
400,1132,908005.024596811,38834
401,1154,924495.0616544064,39757
402,1143,913994.6739205022,38898
403,1147,917038.1503173781,39202
404,1156,916547.6586747008,39078
405,1139,903844.4047679858,38853
406,1166,921264.6703007289,39774
407,1185,936175.0343994958,40569
408,1151,901489.5930902936,38958
409,1144,897041.4004847946,38697
410,1154,907469.5646645345,39226
411,1144,902417.3792736257,38849
412,1084,858382.8888751869,36108
413,1107,870965.2821828705,36840
414,1109,874306.8411734373,36909
415,1129,893090.0933787721,37885
416,1101,877708.5044771963,37518
417,1072,857758.5741185952,35876
418,1086,857322.4564158923,36100
419,1080,846427.1385215623,35777
420,1076,831699.0060021392,34766
421,1060,821791.1610966634,33881
422,1059,816816.9532809738,33408
423,1064,823244.8847710764,33786
424,1065,826863.9682240593,34269
425,1095,848460.2807868358,35311
426,1106,858965.4000776253,35971
427,1099,851238.3220509142,35859
428,1108,855377.5144675584,35623
429,1105,850650.6979277107,35834
430,1058,815138.7692432691,34063
431,1067,821003.7988419896,34549
432,1080,829582.0642962647,35267
433,1098,841539.2121025575,36010
434,1104,836310.7951824937,35759
435,1099,831278.2077694003,35904
436,1080,820541.9706978804,35338
437,1077,825847.3995058988,35622
438,1008,773473.4145317988,32024
439,1031,790444.1942855773,32954
440,1053,793270.3742189469,32476
441,1065,798861.3708103197,32767
442,1085,813060.5328120211,33674
443,1108,825411.6922076532,34442
444,1096,813284.9799488402,33902
445,1098,816074.7826177257,34262
446,1099,813280.5069929183,34307
447,1087,802795.1155352906,34067
448,1073,795751.598663537,33962
449,1090,812013.158224331,34954
450,1084,798034.96710668,34333
451,1095,802602.4501274241,34639
452,1109,817822.485752936,35575
453,1100,814078.2721256091,34978
454,1092,805296.0721566819,34519
455,1110,817920.2118932753,35185
456,1119,825957.342645511,35712
457,1125,833703.3552435633,36241
458,1141,851189.3526059018,37171
459,1117,827585.5483579569,35516
460,1151,849368.1520838302,36621
461,1139,847554.7284356089,36454
462,1146,846763.4140164781,36455
463,1150,854347.7090474102,36699
464,1153,850476.6182041633,36298
465,1172,870187.2688983748,37354
466,1159,860722.6757889764,36970
467,1128,838597.4140764544,35901
468,1146,853815.1782207093,36764
469,1162,863864.5182575542,37432
470,1184,881429.0919963942,38390
471,1209,896834.9916721837,39275
472,1183,886269.049267519,39082
473,1166,877966.4347182977,38648
474,1119,847320.8747607152,36848
475,1148,861853.2181549818,37613
476,1163,869078.7592882118,38144
477,1155,867118.4434744543,37660
478,1151,866608.1099796048,37471
479,1163,879576.7816617001,38227
480,1157,878223.7892277262,38232
481,1157,879515.9292250391,38376
482,1156,875045.5648307541,38264
483,1156,869261.3383074938,37997
484,1156,870995.4639538387,38090
485,1152,870170.791888619,37655
486,1149,871316.7273672061,37922
487,1145,869542.0896185893,37931
488,1172,889479.0411053587,38831
489,1163,886800.6542331298,38768
490,1177,902081.7123817344,39458
491,1131,861171.2676538221,37073
492,1153,880506.0421414296,37945
493,1138,872868.8771344918,37848
494,1150,884600.1153158748,38150
495,1137,877387.3199812834,37619
496,1169,893529.7208768957,38531
497,1161,892818.1782833451,38810
498,1190,913873.3664981455,39909
499,1174,897255.9744182148,39162
500,1192,909713.2990420104,39989
501,1223,930883.7518786803,41063
502,1229,937247.0509636332,41613
503,1207,921745.7599834976,40880
504,1207,930975.7497650378,41368
505,1209,937784.1294446606,41767
506,1211,949677.1305522938,42208
507,1180,930870.5702579054,41504
508,1175,924793.7541135332,41284
509,1162,915485.5390970414,40447
510,1181,926553.3713996642,41108
511,1195,944328.0679903913,42107
512,1194,944808.8887291831,42101
513,1178,932893.2597344215,41570
514,1121,895344.6290513315,39118
515,1137,904810.8645202605,39486
516,1159,921415.349758363,40392
517,1179,937243.5073140452,41217
518,1189,942707.9241263743,41740
519,1157,912224.3876363259,39872
520,1170,922879.9748069213,40534
521,1117,878283.9288108473,38160
522,1136,897281.0935786932,39169
523,1150,903325.1457852761,39784
524,1163,919694.0403725601,40619
525,1159,915981.1499694341,40188
526,1167,924812.5650816528,40667
527,1144,908680.0413929841,40067
528,1133,897831.0984284153,39288
529,1144,904746.5313591828,39848
530,1097,869619.0501400273,37633
531,1119,879384.9517305746,38448
532,1131,888612.5045123902,38978
533,1143,894053.8432977978,39284
534,1171,915437.1214893567,40393
535,1195,929470.5329994138,40912
536,1071,835321.3391206596,34966
537,1085,842211.8699340704,35566
538,1103,850196.3130099322,35875
539,1106,849121.560636736,35607
540,1110,857878.7431168847,35747
541,1117,866957.1561762765,36416
542,1131,876677.1557545051,37062
543,1086,840042.2083726082,35047
544,1094,841538.0433852292,34686
545,1122,859440.3975271712,35502
546,1122,864080.6176670647,35886
547,1134,864705.3937227969,36170
548,1160,883370.18830178,37087
549,1140,869448.2133224391,36621
550,1105,843773.5034771924,35474
551,1104,845560.6322383517,35644
552,1124,863544.1011728748,36581
553,1127,873152.8305384596,37161
554,1145,887333.3749463564,38015
555,1134,876861.9946107522,37707
556,1120,870525.5664018034,37231
557,1111,860862.5193630107,36023
558,1132,877292.8477345597,36933
559,1154,895153.3094969497,37812
560,1167,903486.5373843369,38477
561,1133,878031.4925800053,36298
562,1124,871115.9070048484,36179
563,1128,871439.9600531878,36492
564,1086,837064.9496380381,34243
565,1107,855837.2912235599,35236
566,1109,859974.8207991455,35552
567,1115,864114.2554112897,35602
568,1129,881178.5695409845,36560
569,1053,828568.569600206,34047
570,1081,849514.1366044404,35076
571,1102,856520.7991663744,35262
572,1103,853595.0843816412,35394
573,1125,862186.9181190298,35805
574,1140,879655.936547002,36678
575,1136,874473.581508183,36804
576,1141,883825.3855337992,37352
577,1141,884266.99770342,37387
578,1122,872109.0212490017,36782
579,1119,862445.6899248548,36316
580,1077,819217.3637561898,33039
581,1107,839338.900781726,34035
582,1113,844683.6996911389,34148
583,1130,856243.8341463384,34854
584,1129,856460.0394056812,34930
585,1146,867181.0121772554,35498
586,1139,864031.2313291027,35705
587,1085,828775.434560104,34035
588,1063,801318.8547037716,32342
589,1056,799033.4195652523,32242
590,1087,817379.5451747677,33216
591,1098,826949.1674414027,33763
592,1122,846773.6588717717,34792
593,1113,842990.7939256119,35044
594,1132,861903.8171404043,35975
595,1133,862226.3755584912,36152
596,1130,857246.655541024,35714
597,1139,871951.644586744,36476
598,1160,889866.1782552457,37298
599,1135,877620.9784036184,37002
600,1142,883865.4421762101,37254
601,1138,875489.18673038,36553
602,1130,868719.8374277265,35958
603,1135,875499.6622953392,36372
604,1088,842192.3902837441,35216
605,1091,845510.9223465187,35329
606,1109,856197.1233772468,35685
607,1123,867988.2763089992,36461
608,1135,879400.2930140921,37049
609,1128,871342.0589903124,36738
610,1122,865887.6601003736,36103
611,1103,853277.5277133537,36058
612,1106,858835.6430841916,36134
613,1102,859514.286887072,36299
614,1071,841180.5364784072,34936
615,1067,836619.6767717933,33941
616,1094,856941.9256087946,34973
617,1112,875720.5077636176,35955
618,1120,878113.509549991,36288
619,1119,884297.1594725143,36744
620,1095,861338.5696707388,35665
621,1119,873926.6348862252,36409
622,1117,869339.2688165738,35988
623,1100,858323.5344782863,35241
624,1115,875089.2566648549,36049
625,1097,860580.5738248514,35746
626,1109,867569.6544109943,36070
627,1119,876423.6522270336,36369
628,1134,891325.260640746,37179
629,1126,878810.8768880697,36862
630,1131,870863.1416776278,36422
631,1159,886383.653237633,37403
632,1176,900635.7284013431,38173
633,1136,870587.0319780137,36724
634,1137,867170.2249865205,36928
635,1089,823978.5442583653,34461
636,1079,810113.843539682,33153
637,1107,825468.1260059429,34009
638,1090,810335.8623279236,33387
639,1118,827309.4060140848,34176
640,1144,844728.4292998095,35119
641,1160,858882.9551718961,36032
642,1166,864423.6876949366,35975
643,1192,876223.0768501307,36640
644,1112,821564.450268425,33005
645,1125,834060.261159433,33606
646,1141,845017.8532590314,34393
647,1139,841960.2343459338,34048
648,1165,859555.9053029926,34983
649,1181,870976.1482425653,35622
650,1206,891285.2711181623,36697
651,1212,902055.0952182397,37295
652,1200,897656.0328619655,37521
653,1172,880310.5602139938,36753
654,1164,875739.8461374642,36856
655,1126,849360.158958621,35086
656,1135,858341.102265222,35426
657,1162,874285.3564956557,36172
658,1158,877823.7295002837,36596
659,1178,893173.3007341981,37332
660,1187,899903.6624840861,37492
661,1155,882203.2158516764,36123
662,1138,865349.106350134,35410
663,1165,878912.0466588482,35931
664,1165,883017.5554464792,36471
665,1175,882356.8144700925,36515
666,1156,874707.098476141,35878
667,1186,895527.0786359637,36964
668,1191,907041.8534907897,37512
669,1203,915821.9466942629,37964
670,1224,938955.4513198825,39132
671,1233,950526.1395631302,39882
672,1218,942722.9140594493,39426
673,1235,957103.9877462889,40292
674,1154,893457.1026616682,36525
675,1177,906360.2435893029,37138
676,1153,885567.6783498534,35979
677,1158,894893.1918383677,36568
678,1177,911555.1899368166,37470
679,1152,893808.2306453586,36133
680,1159,903674.1295638006,36560
681,1141,894721.9161520468,36196
682,1150,905967.1182580276,36759
683,1171,924843.0225891104,37720
684,1177,933112.1672272114,38401
685,1172,929009.5340092247,37777
686,1195,952545.0258158707,38868
687,1193,947734.7698058303,38470
688,1202,952612.0420268384,39089
689,1190,941206.4858955747,38722
690,1197,945056.977273927,38473
691,1205,954040.3976840611,39014
692,1174,929562.6616199067,37525
693,1153,917490.3179086477,37121
694,1151,914699.72434984,36866
695,1170,929892.8281565808,37420
696,1171,937974.1430803802,38028
697,1118,895370.4938470185,35711
698,1128,904699.9150576412,36109
699,1124,911988.4543145538,36372
700,1130,917515.0338839514,36411
701,1125,919034.2043955635,36569
702,1134,932406.636917827,37296
703,1116,910302.1647145795,36360
704,1127,915986.6852073532,36861
705,1150,932631.7174261697,37616
706,1088,885777.2447233238,34927
707,1099,897947.4657072079,35461
708,1106,896168.1853516272,35449
709,1126,912476.0224090059,36199
710,1126,911198.6591237132,36202
711,1110,895334.6953284672,35498
712,1097,890539.5154643354,35224
713,1112,902827.0798132753,35816
714,1134,915499.9767797173,36433
715,1134,911809.1271591767,36355
716,1105,889490.5424437964,35442
717,1108,888784.6823496455,35829
718,1046,837894.6912857553,32168
719,1072,854381.9520587174,32978
720,1097,872886.2853792123,33942
721,1113,882327.5291660018,34353
722,1093,858165.5095911019,32902
723,1093,854523.8585567244,32983
724,1102,858897.3386732433,33132
725,1071,829354.8572394655,31144
726,1105,847613.7461483468,32115
727,1111,854308.3233290277,32586
728,1137,870463.6430303382,33416
729,1137,874343.989114358,33812
730,1152,887986.4141653423,34731
731,1150,890432.6737789139,34994
732,1121,865683.0226586447,34010
733,1131,875808.3898766842,34757
734,1120,865216.4640364754,33829
735,1116,859594.221341377,33670
736,1144,875844.8980745085,34560
737,1149,884923.4179706355,35070
738,1142,875944.8400621961,34858
739,1139,880722.1714372273,35081
740,1137,881149.1606885911,34823
741,1104,856818.93573199,33958
742,1113,865689.195267776,34559
743,1121,872221.2625112529,34772
744,1095,849917.6086419985,33505
745,1113,867473.1297874763,34423
746,1105,863709.9006461569,33952
747,1123,871113.8241022317,34104
748,1145,883194.2990460602,34734
749,1157,896361.6595684281,35459
750,1137,882157.4842594506,35146
751,1127,879958.6208704397,35366
752,1112,866492.2915802597,34649
753,1143,879818.1562761132,35237
754,1159,889701.3649510945,35951
755,1158,890452.6593577359,35951
756,1180,904276.4075452326,36668
757,1196,912403.7428166105,37168
758,1156,882218.7889898685,35422
759,1169,895443.9440687773,35954
760,1163,888075.838954697,35109
761,1164,893688.4324425136,35494
762,1135,875821.5648144615,34848
763,1126,875227.5761621544,34780
764,1117,867902.8464508844,34581
765,1148,886967.0980481203,35608
766,1143,893047.505387011,35810
767,1152,904785.8936864804,36399
768,1151,912923.0554177817,36949
769,1131,897439.7937590502,36605
770,1099,875520.8138372517,35337
771,1096,869442.7447726362,34831
772,1118,883366.8971148968,35663
773,1152,898594.8184996085,36503
774,1153,892208.9338673385,35842
775,1159,900189.6044268324,35949
776,1133,877711.7221286444,34389
777,1144,883932.7147486552,34773
778,1147,892298.9812706714,35267
779,1144,891012.9641446533,35224
780,1142,889501.9888168419,35099
781,1148,897486.4209372388,35654
782,1108,868189.2879608747,34305
783,1103,865460.3167171646,34355
784,1120,879624.7134857755,35167
785,1139,899801.5469824201,36248
786,1113,879306.9229870697,35745
787,1091,863690.3297694211,34886
788,1101,872717.9677281087,35349
789,1088,857640.6909117305,34130
790,1095,859091.1495061708,33942
791,1057,831712.4138531357,32424
792,1069,839783.611593807,32801
793,1070,846292.2061532888,33141
794,1092,855845.6776657092,33719
795,1113,871181.1090769748,34562
796,1130,884481.8318346775,35473
797,1108,865240.0427905064,35272
798,1117,872201.0303269743,35946
799,1108,858559.8300932614,35206
800,1118,872512.7995763542,36116
801,1145,886411.3304479503,36914
802,1149,891324.751104849,37028
803,1102,861333.0427706194,35414
804,1130,878426.6990325754,36355
805,1101,856995.3105081561,35356
806,1078,836927.0717719204,33684
807,1093,843154.9697314623,33809
808,1110,861088.3457884116,34629
809,1115,866122.9364168366,35064
810,1137,876972.0529652131,35721
811,1072,828302.334026619,33144
812,1110,849350.2171494559,34188
813,1124,862766.1874153567,35045
814,1132,873615.4250303379,35677
815,1139,876263.028586736,35641
816,1126,865965.7645576552,34902
817,1117,860922.073513755,34792
818,1111,858353.9385485323,34427
819,1094,843396.612164162,33583
820,1097,847811.4146332344,34008
821,1136,869012.9752741528,35085
822,1122,867018.5973849837,34872
823,1140,878169.249523504,35545
824,1126,860510.9956094553,34644
825,1122,854957.6807102065,34690
826,1121,850822.0607395704,34473
827,1126,852535.1120970763,34595
828,1140,864271.392969897,35347
829,1086,818659.8219991425,32674
830,1081,813878.5007761001,32266
831,1112,830697.9663044813,33183
832,1120,836455.4220379804,33419
833,1089,809205.3268738299,31845
834,1077,801631.9568828271,31580
835,1105,822572.0150175518,32551
836,1130,836634.128156345,33419
837,1138,843941.3813167133,33724
838,1056,783536.8429056372,31010
839,1050,782426.7031925826,30993
840,1073,798027.722731928,31876
841,1091,814718.7568441714,32763
842,1087,812189.7107741822,32567
843,1079,804067.5475756044,32230
844,1096,814802.2649800337,32926
845,1097,814705.6330071624,32740
846,1113,826250.423673417,33560
847,1107,827958.4860996674,33854
848,1110,827318.8715361748,34140
849,1132,845672.6789138147,35119
850,1149,857479.1646193673,35742
851,1143,856553.7989610382,35805
852,1138,856396.8537220239,35721
853,1152,869938.1979472534,36468
854,1098,829372.2621723308,33857
855,1098,829075.2868602385,33819
856,1076,818640.7830110553,32779
857,1091,825219.763730786,33051
858,1113,844248.546732083,34037
859,1130,859372.835120851,34904
860,1150,869606.0473435778,35653
861,1136,854862.6374113644,34751
862,1146,862581.4635853327,35265
863,1152,868139.1363767175,35595
864,1164,878036.6510688092,36060
865,1182,893139.4274362788,36831
866,1172,885203.5477399282,36499
867,1147,869636.2151324168,35704
868,1163,883211.4526320725,36430
869,1139,867278.3334931742,35265
870,1146,871330.3857902691,35524
871,1131,864151.8899284997,35232
872,1145,876972.9707496018,36032
873,1150,876087.2180858665,35886
874,1142,869500.9033726589,35786
875,1148,878605.400837625,36302
876,1141,880202.1770348223,36577
877,1125,869014.9146960557,35858
878,1111,857395.8085973851,35178
879,1129,871169.4283268101,36030
880,1088,844748.142947247,34757
881,1111,860721.501239936,35330
882,1107,858895.2048772956,35303
883,1097,847800.3639298221,34659
884,1083,836524.9226898057,34398
885,1083,837979.670884898,34587
886,1098,846674.8993734497,35179
887,1111,857259.8704609977,35873
888,1108,861135.584414185,35994
889,1119,876125.7497190172,36748
890,1132,884293.6300190052,36947
891,1121,874466.951078214,36325
892,1143,886789.012377926,37048
893,1135,886302.1010043274,37346
894,1108,865071.8142834773,36241
895,1113,872301.8755686581,36480
896,1124,886292.3129493904,37277
897,1144,901289.3666441513,37775
898,1164,918800.7463367118,38513
899,1125,890848.3842129031,36666
900,1138,900089.6929183545,37020
901,1156,911808.6990666994,37681
902,1161,915486.3286743563,37854
903,1190,935707.0764337861,38917
904,1125,881941.2413264244,35859
905,1137,888752.5177662796,35823
906,1143,891698.3659867973,35991
907,1153,899948.5721751411,36465
908,1178,913804.9058998922,37332
909,1153,896098.8301040796,36574
910,1188,916900.960478125,37642
911,1162,900195.3334464638,36709
912,1157,897739.2196177891,36772
913,1172,910303.7892841762,37539
914,1195,925424.2253844135,38550
915,1198,930799.1120977914,39195
916,1184,922121.0800520219,38154
917,1178,927483.7697539001,38472
918,1203,944318.8008666348,39348
919,1188,937531.9603028387,39152
920,1130,888900.7574957118,36427
921,1131,886917.504755743,36352
922,1150,907978.7047215797,37372
923,1155,909727.0678738641,37362
924,1143,901560.5258320507,36739
925,1168,918484.4100543436,37688
926,1185,934109.6418276234,38419
927,1136,898557.6861992882,36282
928,1079,852747.5035654417,33672
929,1104,870198.539940695,34600
930,1092,860294.6722519692,33450
931,1120,878512.9769905314,34410
932,1139,896422.1959232109,35243
933,1149,902933.8829369221,35772
934,1144,901158.5523390906,35483
935,1125,889346.9347086552,34996
936,1150,905263.8723303985,35787
937,1155,907928.3863445868,35916
938,1123,884734.8982211627,35019
939,1113,879568.3346683867,35124
940,1113,880575.1131964758,35555
941,1096,860778.4340875582,34229
942,1120,879841.9686531177,35229
943,1123,886612.6219912198,35625
944,1124,887157.4176894337,35460
945,1117,884122.1605495904,35492
946,1131,894604.4174572513,36147
947,1074,848964.8978628009,34041
948,1074,851450.2241936295,34300
949,1082,853854.4954697813,34225
950,1098,865586.1351416217,34980
951,1094,861544.610429673,34087
952,1113,879671.1908823723,35028
953,1107,879673.1322052889,34978
954,1107,881079.7594227791,34749
955,1117,893752.6673555212,35412
956,1088,874491.9815191885,34943
957,1100,881696.8508471585,35329
958,1035,830798.9440693641,32255
959,1065,850711.1281977803,33242
960,1072,856808.0474059709,33802
961,1095,866539.6066733365,34155
962,1074,847745.8823322845,33119
963,1080,852160.9717376429,33377
964,1120,872819.503460651,34373
965,1123,869175.9903253705,34717
966,1110,864381.9511501837,34497
967,1128,882684.4707479253,35472
968,1118,874772.4743704317,34783
969,1032,807509.9708443707,30851
970,1036,813923.7055215209,31170
971,1038,814665.9348572576,31208
972,1074,836480.8770172719,32253
973,1103,853463.7998129167,33158
974,1114,858855.2081027378,33758
975,1137,869988.3345529477,34450
976,1149,884382.3693664016,35174
977,1094,844518.1780279598,33434
978,1104,849377.8501158864,33579
979,1097,851786.9470786031,33653
980,1097,852021.3619037281,34093
981,1079,841863.2746195474,33609
982,1094,854330.1978825988,34234
983,1121,866034.7877414785,34965
984,1124,869132.1851619913,35229
985,1134,872638.4030878639,35450
986,1114,856555.749497696,34487
987,1139,870663.3482387316,35274
988,1146,874025.4493059183,35630
989,1166,890744.5313793051,36565
990,1179,902429.3692085923,37196
991,1113,849862.2225280157,35002
992,1084,820110.5127841639,32781
993,1067,808362.4194437284,32473
994,999,755868.5179019981,28548
995,1021,775429.9750657155,29524
996,1027,784111.11479487,29786
997,1053,798354.081499759,30517
998,1073,813639.8809892118,31272
999,1065,805286.6162704896,31252
1000,1072,814511.5585064034,31726
1001,1090,824055.6651473927,32390
1002,1069,801494.0245123458,31472
1003,1091,813241.6097278264,32068
1004,1106,824467.5242110468,32588
1005,1117,837613.4550763103,33273
1006,1112,836806.5957468457,33527
1007,1124,847947.8360364266,34177
1008,1097,827909.4990742003,33175
1009,1120,837797.5567474954,33855
1010,1076,804863.8281303543,31783
1011,1089,811545.4290194039,32020
1012,1105,830074.0752900755,32983
1013,1125,843497.6851284016,33641
1014,1139,857539.676073643,34437
1015,1163,871646.0801879393,35042
1016,1182,887721.1063571061,35917
1017,1188,891273.7121154971,36083
1018,1180,888866.8067708821,35974
1019,1169,881023.5167199875,35051
1020,1124,854599.3064950511,34179
1021,1121,850133.8816962307,33853
1022,1138,864380.6478674088,34402
1023,1172,887069.3260237095,35532
1024,1165,883499.9144224339,35511
1025,1168,881461.7388826945,35021
1026,1187,894157.2530003542,35851
1027,1203,903156.6494524709,36402
1028,1212,917235.9702698372,37264
1029,1240,932962.7349833947,38109
1030,1211,907929.5450813482,36988
1031,1172,880108.6163939502,35086
1032,1165,882318.8978882065,35172
1033,1184,892180.5756133009,35558
1034,1192,891319.0026891326,35579
1035,1224,909295.6124116557,36601
1036,1191,892260.7896351403,35585
1037,1209,908443.4373745193,36503
1038,1230,927821.0215483118,37588
1039,1242,936008.3782338423,37970
1040,1181,892681.827005022,35692
1041,1194,906145.2934664373,36622
1042,1193,911726.1940117422,36581
1043,1209,925969.5895083142,37371
1044,1236,943768.0996767433,38177
1045,1152,892368.2425007729,35402
1046,1174,909827.7141023899,36364
1047,1198,929940.6154769907,37398
1048,1211,938282.7751426226,37679
1049,1195,930644.5141540073,37388
1050,1149,899379.132164204,35454
1051,1161,912258.5936143715,36070
1052,1192,929492.7007479346,37041
1053,1197,936567.4150521826,37478
1054,1188,926699.7363322742,37204
1055,1201,940593.5044362396,37881
1056,1177,928956.5270134141,37012
1057,1187,936592.2186700216,37201
1058,1194,937935.5755175537,37323
1059,1102,860380.266717672,32557
1060,1107,867153.4694440449,32912
1061,1137,889751.9797838987,34016
1062,1142,898382.9276935514,34570
1063,1156,909449.4588255205,35446
1064,1130,887875.0525829389,34322
1065,1153,904366.9532222301,35165
1066,1149,906811.8790176351,35069
1067,1172,918516.9882098181,35870
1068,1184,929553.2313716253,36682
1069,1189,934989.055395352,37122
1070,1164,917846.6541535205,36383
1071,1131,889784.6193990356,35041
1072,1112,875735.4117409235,33937
1073,1095,865766.220983657,33030
1074,1126,884534.4225763753,34048
1075,1143,896379.2711551422,34595
1076,1146,899543.5625769756,35020
1077,1151,902514.0553173717,34950
1078,1128,889031.6789605359,34352
1079,1131,890915.9353296597,34541
1080,1122,886741.0373429604,34038
1081,1129,897994.3217198172,34787
1082,1141,901418.9202228445,34855
1083,1098,875276.770090611,33370
1084,1121,890289.327152124,34080
1085,1118,891572.8436731161,34379
1086,1139,904925.6909742036,35059
1087,1156,917037.9577923998,35779
1088,1166,927281.6245758082,36358
1089,1146,918590.3917733685,36245
1090,1135,911222.4449290958,35900
1091,1130,902171.2133657454,35542
1092,1150,917753.8065281331,36387
1093,1147,913075.043562518,36032
1094,1124,901619.0127073737,35361
1095,1111,895034.7728374703,35161
1096,1081,871043.987672803,33885
1097,1118,891551.408184971,34912
1098,1111,888418.9225518502,34483
1099,1076,853589.9434012548,32394
1100,1089,864264.4055216168,33101
1101,1060,844972.3143928403,32468
1102,1068,844358.7318755024,32211
1103,1053,835387.7271785651,31006
1104,1092,853674.4399685874,32024
1105,1091,850959.6020438557,31728
1106,1082,849195.9683085046,31726
1107,1099,864107.4777371328,32589
1108,1098,864710.2894448194,32578
1109,1096,865618.8818150376,32644
1110,1088,857723.5184324281,32358
1111,1093,859286.9317252792,32173
1112,1085,851478.8754918041,31942
1113,1077,836825.0068068106,31282
1114,1100,852831.8088716775,32167
1115,1109,859980.0589278375,32485
1116,1122,871182.9020197282,33193
1117,1097,852729.9552024557,32345
1118,1102,853842.5817403751,32463
1119,1101,861966.6801115775,33031
1120,1045,814953.7643594275,30461
1121,1075,832111.3980881872,31306
1122,1098,851003.3404690581,32329
1123,1102,858024.8090521167,32754
1124,1096,850052.3797565142,31926
1125,1111,860736.602751325,32389
1126,1111,864632.6656082465,32640
1127,1125,875556.5902078765,33324
1128,1125,877100.7562571473,33363
1129,1113,865209.7070073854,32892
1130,1112,864704.642293173,32802
1131,1107,862948.0317176271,32880
1132,1076,837188.6076264903,31792
1133,1074,835162.0774944887,31553
1134,1035,803859.0057551062,30127
1135,1039,801625.0117295267,29830
1136,1053,817294.5607320876,30630
1137,1073,829691.3407861163,31285
1138,1098,846808.8213576408,32219
1139,1113,854026.2903294637,32696
1140,1130,868462.5953529732,33504
1141,1076,832048.0299439338,31883
1142,1094,844709.1959600684,32764
1143,1114,858216.107141973,33560
1144,1120,867479.7798023461,34260
1145,1133,877353.9265696112,34801
1146,1109,859605.4699529414,33858
1147,1103,856950.0491751422,34126
1148,1123,869765.1158993851,34854
1149,1081,834977.7637628119,32553
1150,1090,834829.2091322512,32480
1151,1081,822738.0880992932,31609
1152,1111,839399.5322165957,32576
1153,1097,832458.7415198217,32238
1154,1086,829031.4630859917,32069
1155,1113,844564.3637879604,32966
1156,1115,848089.5096882138,33010
1157,1080,819942.8428884977,31023
1158,1108,841078.5625167241,32067
1159,1086,823310.1975488167,30945
1160,1109,839110.6643804885,31933
1161,1118,847525.990615258,32411
1162,1131,850966.4770871967,32752
1163,1085,819981.7424892401,31325
1164,1054,795322.0738661818,29822
1165,1069,816523.5939125377,30868
1166,1101,835188.7459394496,31838
1167,1104,841223.0519046788,32013
1168,1082,831636.0879676776,31274
1169,1097,841661.182594166,31951
1170,1107,847891.2030264544,32299
1171,1135,868080.2531404988,33314
1172,1081,832475.7317602618,31969
1173,1085,829472.8141084211,31326
1174,1080,829433.5900125789,31438
1175,1081,826900.8163918825,31533
1176,1089,836939.9884772544,32186
1177,1101,846535.9363803666,32568
1178,1117,859838.047999321,33369
1179,1132,869709.1575354595,33668
1180,1140,876331.3435935152,34214
1181,1154,890805.6486003567,35023
1182,1128,876486.6756392499,34480
1183,1132,881326.889309217,34622
1184,1151,894535.7692490587,35379
1185,1171,911835.2756722354,36363
1186,1197,927915.5759982293,37287
1187,1170,909664.2320617038,36507
1188,1074,830366.5928601658,32378
1189,1101,848432.4959206438,33161
1190,1132,867287.0474997496,34156
1191,1159,889526.6205926695,35269
1192,1161,891425.180680094,35064
1193,1074,827493.1968818406,31287
1194,1088,841207.5112216478,32025
1195,1110,858445.8341076565,32768
1196,1126,859083.7385662675,33090
1197,1121,849542.2165944872,32946
1198,1140,855096.2838569032,33201
1199,1155,866870.5311325634,33858
1200,1163,878602.5507749104,34544
1201,1166,880941.6116694352,34422
1202,1183,895519.1531025607,35353
1203,1121,849025.4611593378,32877
1204,1146,868291.4835168661,33928
1205,1148,874476.0804748251,34241
1206,1144,867523.7636756692,34130
1207,1151,877863.5580573404,34841
1208,1158,879892.0316085344,34509
1209,1132,868126.8770594036,34037
1210,1152,883223.6047431582,34894
1211,1160,894257.7359122509,35379
1212,1150,890042.7542869946,35487
1213,1136,885288.3468500167,35198
1214,1162,903563.3467191902,36168
1215,1170,914194.4444536319,36760
1216,1142,894943.7301397022,35397
1217,1116,875227.7522512361,34155
1218,1108,875937.0230756387,33958
1219,1103,874810.442062356,33959
1220,1114,878706.2934051518,34106
1221,1098,862786.7479072597,33429
1222,1091,860750.9245693061,33378
1223,1119,867618.7040279027,33627
1224,1131,877775.4852865058,33900
1225,1153,896619.3802135978,34902
1226,1176,909477.1349198819,35555
1227,1100,857628.8409010795,33388
1228,1127,877826.8186968063,34410
1229,1119,868694.154340816,33461
1230,1146,888525.6167054772,34482
1231,1166,908306.5519621967,35554
1232,1154,895873.5215254539,35364
1233,1150,897843.5470460277,35446
1234,1171,909774.8590785074,36220
1235,1133,879518.6740321664,34660
1236,1098,858191.0934297843,33433
1237,1112,868630.4732875017,33912
1238,1141,875971.8070855116,34403
1239,1151,882611.0077830082,34600
1240,1135,865606.3481326208,33655
1241,1162,882203.4618804042,34618
1242,1159,884836.3944110414,34716
1243,1150,885723.385251993,34853
1244,1167,895688.1446666458,35610
1245,1176,900069.2803246771,35998
1246,1199,921590.2820531692,37135
1247,1220,937724.7571769845,38145
1248,1087,834610.7664836677,31048
1249,1111,853068.8806480707,32058
1250,1143,872702.1355259372,33067
1251,1167,891478.4257423006,34106
1252,1187,906278.4470202426,35084
1253,1186,909311.2141042602,35320
1254,1170,901755.07548577,35348
1255,1135,873338.2815183593,33821
1256,1139,877396.7892050014,33937
1257,1110,854217.0412725467,32854
1258,1124,870764.8050854802,33633
1259,1142,890936.5380265516,34711
1260,1170,904145.850951402,35557
1261,1171,903024.0312601947,35491
1262,1183,912619.8775786344,36037
1263,1202,923547.7201167285,36734
1264,1179,909235.9314823442,36066
1265,1194,922738.4885653362,36666
1266,1165,902812.9091305966,35505
1267,1187,917506.1039469731,36356
1268,1158,895278.760283125,35443
1269,1185,915829.055818839,36498
1270,1132,876602.899745864,34057
1271,1157,895443.2217793019,34957
1272,1143,884066.1492325593,33797
1273,1142,879934.9602712572,33247
1274,1125,868854.7184659875,33212
1275,1148,885647.1450682151,34128
1276,1131,864916.8785340316,33296
1277,1145,871664.2418379899,33749
1278,1121,856771.3848667284,32770
1279,1112,845190.2754956605,31698
1280,1137,866433.8582363485,32736
1281,1141,869888.8955855657,33090
1282,1138,873153.412389561,33208
1283,1111,860404.7033944528,32691
1284,1099,857158.9994601635,32051
1285,1107,859261.7588453846,32245
1286,1117,865903.6420397719,32112
1287,1117,870762.4477498747,32559
1288,1085,843364.8792362971,30918
1289,1096,855645.044129752,31597
1290,1128,869945.6498285562,32372
1291,1145,883175.2102016293,32978
1292,1151,890726.9059224039,33509
1293,1168,893015.4656259571,34010
1294,1147,875135.27349904,33284
1295,1135,858219.6214553545,32742
1296,1115,844156.3472539241,31879
1297,1121,845268.4960930976,31658
1298,1130,850516.0920854558,31585
1299,1149,872175.99597337,32670
1300,1154,877061.923456475,32958
1301,1151,874090.8915439975,33101
1302,1164,884750.9150873234,33530
1303,1162,885836.8465173816,33916
1304,1151,878627.5963288631,33523
1305,1160,881404.5188977434,33786
1306,1150,876886.5226314195,33817
1307,1153,884607.7758906971,34175
1308,1142,873320.3854693432,33734
1309,1148,872602.1687880425,33957
1310,1143,866419.9056981216,33839
1311,1166,886355.4409552261,34837
1312,1161,887304.8011374511,34872
1313,1138,865175.8145436371,33586
1314,1163,877302.1746635266,34301
1315,1172,886371.8460210004,34545
1316,1182,898402.5676173973,35279
1317,1208,914863.4157235373,36233
1318,1230,929589.9564691662,37082
1319,1195,908896.1842620827,36270
1320,1219,926704.672786922,37130
1321,1240,940308.9418242918,37856
1322,1216,922352.1822956394,36992
1323,1224,927727.2620224801,37283
1324,1201,915238.3750172156,36151
1325,1189,912223.3392795736,36125
1326,1195,910379.8722432047,35530
1327,1221,931224.8530095682,36661
1328,1216,932151.9951166932,36511
1329,1238,951485.7185856714,37495
1330,1239,950677.624243489,37550
1331,1217,929838.3073666547,36246
1332,1206,923297.232324459,35970
1333,1209,926846.5380865735,36396
1334,1218,940596.8448627242,37189
1335,1227,949126.917440601,37981
1336,1209,948447.9729462649,38047
1337,1187,926960.3415103513,36396
1338,1213,944317.8819072773,37334
1339,1238,963281.2340904118,38415
1340,1256,977064.7997689303,39331
1341,1137,886874.8900825225,34146
1342,1142,893468.5082874801,34632
1343,1178,912750.3767869351,35680
1344,1143,890005.9518707443,34460
1345,1156,893641.3985665753,34622
1346,1162,901279.2467930533,35114
1347,1183,911391.480673397,35627
1348,1181,909690.2634048269,35722
1349,1196,923647.1280650188,36659
1350,1199,923422.9359690703,36543
1351,1206,929998.0510763571,36616
1352,1198,928141.7999446118,36650
1353,1188,925191.5866630481,36726
1354,1142,885579.734315579,34580
1355,1140,887934.0998122306,34585
1356,1165,906735.3325711567,35620
1357,1178,914398.5398092412,36327
1358,1164,905092.556088609,35353
1359,1158,905502.8081217363,35298
1360,1175,918879.2354097601,36053
1361,1150,893162.2496020693,34735
1362,1177,910535.6375096157,35730
1363,1133,875826.6599811907,33770
1364,1126,863875.2364253108,33203
1365,1160,887351.053679496,34330
1366,1178,901160.9503658129,35112
1367,1181,903905.5724920941,35409
1368,1110,841240.8770005865,32358
1369,1119,844923.3512585654,32710
1370,1141,862932.7139738292,33655
1371,1155,877865.8563600864,34454
1372,1117,851512.8050094199,32824
1373,1132,869857.2660835763,33816
1374,1134,874251.7102093584,34095
1375,1133,869527.0997364039,33759
1376,1157,886581.0897973934,34679
1377,1126,864862.9774658711,33758
1378,1130,857254.6449558832,33237
1379,1125,854531.4334412393,33568
1380,1151,871791.0980765477,34505
1381,1163,889990.0390126592,35471
1382,1128,865945.8605346474,34177
1383,1139,882714.0342326892,35113
1384,1128,878278.7715962481,34869
1385,1132,886730.1530855503,35444
1386,1126,875277.3104008328,34960
1387,1103,861198.2148900921,33771
1388,1115,869228.3975612218,34137
1389,1130,881263.9637376167,34695
1390,1100,861163.3259834268,33222
1391,1124,877835.6240165957,34033
1392,1100,860271.9615829537,32707
1393,1112,868080.978905719,33152
1394,1135,888465.4238540701,34215
1395,1125,878017.0943483486,33815
1396,1102,864824.8966772711,33188
1397,1127,877698.8273522696,33879
1398,1112,861817.7244561382,33201
1399,1097,853318.4875518784,32817
1400,1054,826631.7909031514,31675
1401,1066,838366.8790947997,32414
1402,1084,853642.8613146337,33020
1403,1090,855625.9231620847,33283
1404,1099,869045.552156098,34042
1405,1111,875461.7360718867,34478
1406,1080,848878.6333733158,33187
1407,1087,846786.5348625636,32466
1408,1098,855690.7927751229,32973
1409,1089,847126.7579745174,32753
1410,1086,846730.0100089678,32411
1411,1105,857701.6188323715,33137
1412,1095,853115.3092837508,32688
1413,1087,852808.3056833082,32875
1414,1095,860537.4041071096,33211
1415,1119,875104.0950300229,33572
1416,1073,846577.7705351631,32415
1417,1082,851591.1363084947,32604
1418,1096,865133.2622157654,33277
1419,1054,830473.3820834742,31743
1420,1060,842360.1181179741,32586
1421,1076,848237.0969486329,32949
1422,1086,858327.5163689193,33334
1423,1093,866510.1928161839,33936
1424,1108,875781.4936863041,34380
1425,1075,849261.4997732262,32689
1426,1087,863908.3730459533,33509
1427,1081,852005.5277439506,33404
1428,1088,850026.3387492672,33343
1429,1097,861223.7329285517,34105
1430,1102,863261.3233719767,34192
1431,1106,863480.3627162438,34212
1432,1047,821908.5757567289,31567
1433,1050,826972.8968020754,31553
1434,1066,843759.9009312257,32504
1435,1070,852156.7545638959,33108
1436,1083,860704.3869391744,33607
1437,1088,862250.3031754927,33926
1438,1108,879678.0118893725,34850
1439,1104,879716.4413939825,35026
1440,1122,890302.0132194958,35677
1441,1127,885755.6817467494,35592
1442,1098,858268.2562430459,34430
1443,1102,859484.651685564,34481
1444,1115,867737.9929927983,34930
1445,1120,862201.8060592972,34546
1446,1128,864954.9666305365,34520
1447,1077,829152.932767976,32136
1448,1097,838605.3994933547,32833
1449,1101,836501.6562786732,32504
1450,1121,851468.1204565335,33474
1451,1148,865730.1896284402,34252
1452,1153,872067.6698272185,34450
1453,1106,836274.3940319294,32726
1454,1128,853629.6511625266,33639
1455,1139,861361.2606565718,34220
1456,1138,862134.9007043617,34616
1457,1140,866150.6413483007,35125
1458,1146,872892.7892555817,35608
1459,1169,888322.2874582341,36496
1460,1189,901605.4950343907,37064
1461,1165,888005.5664583452,36444
1462,1117,849241.836201606,33841
1463,1136,864701.7883517141,34615
1464,1163,879724.0720204983,35534
1465,1186,900073.5919982959,36624
1466,1142,868766.669529343,34511
1467,1158,875980.2003486368,35020
1468,1187,896914.6589993382,36142
1469,1155,879763.6045910245,35226
1470,1129,859127.0191797757,34581
1471,1122,858694.0268206744,34583
1472,1117,854330.0785880093,34336
1473,1101,842817.7785431852,33322
1474,1124,858561.6595499456,34175
1475,1137,873498.6606946093,35061
1476,1133,875630.6990784226,35408
1477,1115,865112.9957972384,35137
1478,1113,864952.7739840134,34718
1479,1130,877739.7327398874,35326
1480,1138,880052.2827714568,35651
1481,1131,874437.8648641694,35090
1482,1155,891820.6726848254,36074
1483,1151,888036.7854682487,35717
1484,1167,902301.1492498536,36473
1485,1158,891511.8044944482,36442
1486,1163,893626.8688058557,36816
1487,1162,888228.6567371321,36475
1488,1177,895663.5081499922,36675
1489,1209,916980.9940379126,37785
1490,1220,926952.4634401535,38227
1491,1192,911125.9930946311,37421
1492,1170,896619.5321307624,36788
1493,1190,917911.9359539461,37866
1494,1190,921620.1849293469,38204
1495,1209,933303.9330842247,38848
1496,1096,846949.3791855795,32334
1497,1114,858885.4031482729,32614
1498,1126,879023.4851533502,33678
1499,1146,889334.9952890162,34416
1500,1172,910154.5228803647,35496
1501,1176,916434.346599654,35640
1502,1170,912551.2818718868,35152
1503,1146,900547.1615769049,35088
1504,1100,868451.6834143833,33144
1505,1111,879763.5170998414,33745
1506,1124,893139.2645387702,34459
1507,1075,865307.0188211157,33156
1508,1083,876187.512980089,33547
1509,1095,881786.5836378423,33747
1510,1099,881671.1086889417,34027
1511,1106,891113.1340754795,34229
1512,1105,885623.7316064643,34234
1513,1104,881750.1695004109,34096
1514,1102,877836.134371124,33409
1515,1081,853920.3047028203,32140
1516,1095,862418.491886275,32725
1517,1125,880916.6627917931,33753
1518,1147,893437.6668385678,34495
1519,1127,878817.3463364186,33703
1520,1138,884653.8399421058,34023
1521,1149,890977.7616032177,34499
1522,1173,910962.6257456974,35532
1523,1134,880243.8870377109,34213
1524,1053,816851.9935848044,30413
1525,1078,834250.5984172835,31389
1526,1096,838324.7603278415,31772
1527,1089,837331.1920178998,31544
1528,1115,851670.7267958219,32320
1529,1111,851291.1649702567,31885
1530,1106,846683.7979102462,31827
1531,1059,813367.730070968,29914
1532,1076,822896.2899710588,30540
1533,1091,837763.4837779724,31078
1534,1114,853731.8177427143,32065
1535,1103,844729.3171973758,31342
1536,1099,834884.4441981314,31228
1537,1109,844249.9411048935,31482
1538,1124,859417.8633912492,32386
1539,1134,870150.3481649224,33040
1540,1112,860749.0720111907,32298
1541,1077,832619.0498306653,30880
1542,1098,851566.4421801078,31863
1543,1107,852407.4870431081,31854
1544,1095,850344.9019516961,32117
1545,1106,858783.9764462187,32722
1546,1099,850349.3568963809,32758
1547,1088,850803.8794036638,32805
1548,1108,864039.1458484745,33557
1549,1103,856260.2395584749,33328
1550,1091,851113.8132393489,33154
1551,1110,868648.849125279,34050
1552,1112,867629.0326363867,33961
1553,1136,886655.0255692744,34872
1554,1129,880982.1370703531,35056
1555,1125,882731.547071707,34951
1556,1131,893223.3166776692,35711
1557,1121,878939.8149939092,35161
1558,1135,891373.900831841,35810
1559,1128,880676.0500020854,35233
1560,1137,886017.9560885932,35742
1561,1160,904076.8995637152,36813
1562,1146,893557.1692451426,35841
1563,1145,893992.6730198215,36037
1564,1131,887152.4553985512,35394
1565,1137,885636.4895193815,35257
1566,1145,894372.7308129673,35862
1567,1170,910578.6414852648,36850
1568,1183,927079.404231009,37733
1569,1170,919822.7686831062,37202
1570,1156,913804.1240731566,37039
1571,1131,894003.9856833376,35951
1572,1163,912933.2299513815,36995
1573,1155,904310.182128477,36758
1574,1182,919809.8346545782,37606
1575,1129,879311.0018407613,35192
1576,1137,883159.9625351793,35244
1577,1151,896991.8141896286,35984
1578,1126,881049.6320173033,34793
1579,1135,892555.8059554745,35389
1580,1148,899086.4769877397,35645
1581,1161,915068.3953960369,36326
1582,1187,934611.0359505638,37284
1583,1127,888754.7959690255,34608
1584,1118,884347.2106214046,34433
1585,1133,896626.3222908888,35282
1586,1106,875307.644355828,33955
1587,1125,890977.5064217981,34856
1588,1143,905898.9473082857,35783
1589,1153,920616.0472550635,36595
1590,1101,883986.2088823912,34511
1591,1129,899587.7939354419,35324
1592,1116,892293.6131534693,35217
1593,1135,904410.657502735,35903
1594,1152,906550.8454617135,36069
1595,1150,907206.096759818,36509
1596,1144,899459.822851402,36113
1597,1165,914577.4126830491,36891
1598,1157,909443.7347022665,36676
1599,1169,916695.7842057099,36714
1600,1186,930520.615835543,37505
1601,1120,876429.1881640918,34358
1602,1124,881181.4472370729,34257
1603,1120,871753.5358342238,33804
1604,1138,881998.2222928875,34368
1605,1160,899253.363575938,35208
1606,1167,908428.8445844494,35830
1607,1171,902703.5872084346,35464
1608,1157,884688.573627643,34440
1609,1144,873613.5227022804,33854
1610,1156,885101.6298949764,34596
1611,1162,896614.2301042656,35140
1612,1174,906931.7394201984,35542
1613,1189,912037.5288346619,35986
1614,1172,901916.6443129294,35419
1615,1190,917210.6456999936,36274
1616,1155,897303.622558863,34950
1617,1152,896614.3091035872,35070
1618,1165,908129.9237646501,35408
1619,1125,879926.2329541163,33276
1620,1113,870759.5785074066,32665
1621,1116,870642.4075670899,32662
1622,1135,882380.2367140464,33387
1623,1144,887180.5813167354,33774
1624,1141,892235.0193310364,33989
1625,1148,898150.9906185197,34437
1626,1144,900050.7674467593,34554
1627,1160,914129.3533228352,35444
1628,1141,898439.6722939315,35090
1629,1115,876436.6281832583,33633
1630,1125,882733.3879187205,34098
1631,1114,878230.4585734584,33910
1632,1128,889470.7205858068,34588
1633,1137,899636.7711888505,35099
1634,1108,877490.5885734997,33998
1635,1119,889172.1968426425,34811
1636,1115,880913.4397767727,34332
1637,1103,873664.9689032271,33662
1638,1119,878315.8734436105,33896
1639,1113,874230.4996633771,33633
1640,1118,883081.319478608,33955
1641,1115,874016.4807406161,33614
1642,1131,883674.912717938,34376
1643,1116,872202.98527324,34090
1644,1036,807017.502870853,29978
1645,1065,824160.1267905702,30769
1646,1081,838998.3501153897,31559
1647,1101,846831.613640008,32188
1648,1123,859840.0223108269,33044
1649,1097,837633.781764863,32010
1650,1122,849211.1887912764,32569
1651,1138,862827.6570594589,33326
1652,1105,840226.477483862,32269
1653,1119,845374.7219538984,32635
1654,1127,846889.926077418,32310
1655,1134,854005.3385859148,32176
1656,1093,826097.935630723,30137
1657,1095,829586.9193404417,29984
1658,1105,833541.102953942,30081
1659,1114,846852.1447268663,30910
1660,1131,860894.8303267163,31728
1661,1089,828692.6111376344,30004
1662,1117,839612.3210223386,30605
1663,1135,854556.8935907109,31451
1664,1158,876099.6177774271,32460
1665,1180,881463.3043220823,32882
1666,1105,829129.3560430431,29957
1667,1121,841262.1822984632,30686
1668,1148,857961.7630793467,31458
1669,1165,873440.3289110578,32425
1670,1148,870380.4708905672,32521
1671,1176,889310.7121282074,33571
1672,1175,894770.914302947,33610
1673,1182,891539.9260572848,33718
1674,1189,900019.5618291303,34215
1675,1192,900083.9486842696,34414
1676,1210,917321.5279942324,35442
1677,1197,910810.6577883292,35339
1678,1190,908300.6457078761,35145
1679,1213,925018.3168993111,36022
1680,1190,915882.041175071,35882
1681,1210,929825.5964314886,36581
1682,1229,942611.5258892368,37452
1683,1241,949422.2281006878,37710
1684,1249,958189.4874852739,38165
1685,1182,908283.7372298061,35810
1686,1173,902458.6187108872,35354
1687,1183,909810.3198463846,35720
1688,1200,923819.3637239514,36357
1689,1226,948194.3702836253,37559
1690,1182,919672.3784681044,35836
1691,1149,898888.3428007889,34617
1692,1175,913351.9997422108,35527
1693,1123,883448.7228996858,33913
1694,1138,897144.497432391,34483
1695,1149,907794.0896346469,34948
1696,1157,922181.0018233857,35664
1697,1162,929538.2367464827,36300
1698,1168,939597.8894209797,36904
1699,1188,953317.4779317983,37779
1700,1156,936677.2242463004,37091
1701,1187,958409.0546827001,38132
1702,1186,964757.4777565813,38872
1703,1188,967739.1715925274,39337
1704,1143,923486.4239260368,36835
1705,1139,925868.8818184235,36566
1706,1122,917594.3093260595,35944
1707,1112,912444.1563787117,35978
1708,1108,913627.6584252104,35580
1709,1128,923219.9576537292,36184
1710,1137,931647.0720346496,36694
1711,1133,928301.1601444971,36427
1712,1152,937755.0651043367,36850
1713,1135,924028.1125844138,35937
1714,1134,917878.0498034353,35809
1715,1157,931433.9898153817,36718
1716,1153,927892.6805036811,36640
1717,1128,907305.7581112676,35507
1718,1130,903486.260158929,35080
1719,1147,913652.188164725,35417
1720,1160,921218.9938889248,35617
1721,1143,903696.2141446908,34433
1722,1134,895813.5614924928,34256
1723,1154,911369.7188669377,34760
1724,1166,915487.0936893178,35104
1725,1180,930767.2891616324,36052
1726,1170,918724.050145306,35744
1727,1141,885747.0972683494,33899
1728,1129,875786.6441087408,33562
1729,1142,880774.2358201229,33955
1730,1146,889731.2976414781,34272
1731,1150,895727.890991428,34704
1732,1152,890929.6947563059,34433
1733,1143,878555.1883395833,33877
1734,1151,887923.1703255598,34387
1735,1174,901582.2004939524,35234
1736,1146,883815.9972587515,34836
1737,1148,887950.3358413617,35182
1738,1157,898530.1684878228,35746
1739,1136,882766.1532672805,35067
1740,1160,904444.7949339118,36081
1741,1119,874415.9869501598,34372
1742,1126,878690.9054999829,34429
1743,1151,896551.9711956987,35384
1744,1164,904251.7703871087,35676
1745,1183,917379.0910393662,36352
1746,1171,911265.640848897,36125
1747,1116,873210.8569839579,34456
1748,1147,891720.1711348195,35433
1749,1167,904832.9232570104,36130
1750,1107,860816.6173902357,33840
1751,1147,881270.3793949576,34905
1752,1159,893098.3202722762,35543
1753,1178,909054.6679517258,36482
1754,1128,878796.4816065785,34264
1755,1126,873154.2883744934,33820
1756,1135,886752.0681976003,34568
1757,1124,887439.3391565016,34651
1758,1147,908077.3126034271,35718
1759,1115,882710.4332859272,34565
1760,1109,877799.2308765628,34310
1761,1095,858804.504812056,33162
1762,1110,868068.9467680245,33469
1763,1143,885488.2845278941,34458
1764,1168,902037.329108958,35097
1765,1097,845768.1408777505,31748
1766,1096,850462.5001284913,31936
1767,1127,870735.782209357,32992
1768,1141,878992.4526523125,33510
1769,1128,872412.0295264687,33536
1770,1128,874472.1245411473,33693
1771,1133,878695.5962774912,33823
1772,1120,869690.8783818448,33107
1773,1105,860322.0263613726,33034
1774,1081,847705.7179996846,32299
1775,1102,862069.1172461144,32946
1776,1134,882375.1445497725,33983
1777,1161,900779.1945312426,34934
1778,1176,909459.9794335063,35572
1779,1111,862270.6413571547,32718
1780,1120,867441.5520320577,33238
1781,1134,881579.9719249541,34092
1782,1154,891734.021170335,34711
1783,1156,890375.9976623758,34718
1784,1156,901392.7205027123,35061
1785,1174,917836.0209118874,36007
1786,1089,851330.0194471175,32711
1787,1110,862789.1428492428,33002
1788,1130,878951.4027698191,33906
1789,1142,884194.6393114192,34203
1790,1144,890561.633278357,34734
1791,1147,893718.9819061506,34980
1792,1130,884037.0980210961,34720
1793,1104,864102.6893810242,33772
1794,1104,859247.0533379131,33539
1795,1086,843283.5829229672,32879
1796,1088,848851.0301903927,33214
1797,1082,838587.9531775147,32524
1798,1073,832654.4577325657,32283
1799,1093,843409.6321794494,32760
1800,1096,840140.2847602967,32239
1801,1124,857796.4875079148,33248
1802,1121,856794.8335936882,33346
1803,1134,861506.6400373478,33504
1804,1144,867269.8092636149,34058
1805,1149,872153.2568022222,34684
1806,1121,858540.0472683243,33744
1807,1131,873537.9609962852,34542
1808,1117,867762.7803191947,34171
1809,1142,879624.5070467032,34693
1810,1110,853831.245988983,33028
1811,1106,851362.0602973442,32981
1812,1123,863361.3146827025,33580
1813,1131,873964.9218649464,34224
1814,1143,878002.7102270656,34355
1815,1155,890268.9002877147,35018
1816,1119,863696.8495965954,33726
1817,1137,876167.5424427197,34323
1818,1141,877204.8538767196,34593
1819,1163,894357.9905089457,35552
1820,1164,900505.5331907294,36075
1821,1172,902879.5367657489,36387
1822,1173,899878.5266415932,36156
1823,1191,907554.9801324529,36738
1824,1172,902560.0444337857,36334
1825,1070,824603.1643696452,31423
1826,1089,836190.1235952021,31930
1827,1117,850466.2232121648,32784
1828,1134,863225.2429388253,33437
1829,1127,858307.2931097117,32956
1830,1153,876708.9869315359,33917
1831,1157,882043.2908814086,33992
1832,1168,886432.5931132856,34453
1833,1165,891450.7395248007,34742
1834,1191,910841.5417329075,35821
1835,1178,908035.74570818,35748
1836,1166,897297.7639763347,35279
1837,1171,903590.5978044149,35568
1838,1172,900752.6640046984,35145
1839,1177,910501.42316622,35738
1840,1172,909221.358836506,35647
1841,1174,913278.8934838901,35989
1842,1159,896368.9125798389,35431
1843,1165,906194.0061774721,36055
1844,1099,851367.5570518399,32889
1845,1128,872801.8022103049,33974
1846,1163,894867.3620256401,35078
1847,1172,905041.4127613043,35427
1848,1183,910441.5713821275,36016
1849,1188,911541.034973151,35992
1850,1208,925543.5839685077,36773
1851,1185,902594.4451033958,35212
1852,1163,885336.1799736507,34609
1853,1176,893084.7097690871,35071
1854,1174,884964.4234329927,33726
1855,1189,893177.9937113237,34007
1856,1212,911369.7703491852,34950
1857,1188,901187.0015379839,34053
1858,1199,905824.491967521,34341
1859,1213,917452.4143318501,35134
1860,1207,915027.0869533293,35334
1861,1182,896570.2887829645,34779
1862,1194,908906.6688275867,35381
1863,1186,906814.7517582794,35111
1864,1183,909830.3819899645,35174
1865,1205,925475.5649143794,36146
1866,1215,934199.7252781122,36617
1867,1222,936192.8828331232,37009
1868,1176,902311.6797872165,35154
1869,1175,908914.4057313506,35591
1870,1160,889034.1194368454,34086
1871,1181,904266.3256066743,34872
1872,1206,923414.7743526702,35835
1873,1224,932122.1715100493,36366
1874,1211,920329.4770058545,35865
1875,1173,890749.7675342303,34358
1876,1189,907173.1688259266,35286
1877,1194,920451.0978881599,35874
1878,1198,926675.1464955527,36121
1879,1218,941162.0932025772,36986
1880,1232,955176.5726727492,37514
1881,1238,960660.3452524067,38040
1882,1253,975135.345993317,38738
1883,1184,920676.0986667917,34569
1884,1172,906443.0946841188,34317
1885,1200,925498.0687602296,35154
1886,1198,926995.0184583524,35402
1887,1149,886230.0087349201,33428
1888,1175,904520.1417222207,34434
1889,1160,897241.5061736226,34153
1890,1163,905089.5582574878,34304
1891,1157,902500.8637362517,34174
1892,1175,923874.0083823489,35176
1893,1191,939173.1647175184,36122
1894,1169,925512.9691912198,35366
1895,1192,945681.2240798085,36440
1896,1155,924933.0613980821,35474
1897,1136,902061.2346137017,33693
1898,1155,916812.7809018069,34504
1899,1130,902245.2667422263,34178
1900,1125,898909.7960894947,33764
1901,1146,912630.1710328377,34556
1902,1156,918840.2032032791,35147
1903,1173,923167.2028216246,35627
1904,1125,886551.6522579963,34161
1905,1151,901723.6371047515,34845
1906,1125,884889.6316403794,34285
1907,1145,900619.0278861239,34999
1908,1153,906796.0502693277,35465
1909,1152,902468.2200922162,35072
1910,1169,914476.6684759974,35826
1911,1151,904713.0391635253,35784
1912,1175,918814.5037724153,36434
1913,1161,906014.9687652794,35951
1914,1183,920011.4500696725,36862
1915,1115,873246.6273598206,34054
1916,1139,893131.6940626958,35051
1917,1134,891419.1498742857,34730
1918,1117,880145.618233675,34107
1919,1124,892630.0610170001,34896
1920,1145,912705.1098711318,35935
1921,1155,922828.7681673268,36654
1922,1164,929781.5438405101,37151
1923,1177,932014.869680849,37048
1924,1178,936968.8976508778,37459
1925,1178,940257.122001062,37753
1926,1186,954715.0237415291,38637
1927,1171,943557.5043692552,38045
1928,1121,909726.2331363506,35939
1929,1147,928502.0041403315,36906
1930,1141,924760.738090242,36520
1931,1141,915757.7503169989,35949
1932,1154,928551.8696429743,36805
1933,1138,911543.0913182396,36042
1934,1142,912009.5380988482,35886
1935,1156,924937.8468557743,36476
1936,1143,912376.7092089682,35982
1937,1147,916274.0970263119,36290
1938,1150,922594.3222076972,36476
1939,1149,920728.7018777686,36388
1940,1157,925379.7609242577,36585
1941,1158,927187.4656387502,36517
1942,1152,920613.9281239097,36324
1943,1166,930383.2448001478,37045
1944,1110,888792.0997643273,34464
1945,1134,902675.8752095577,35090
1946,1140,905705.1175813647,35269
1947,1141,901891.949805719,34869
1948,1138,902543.9967980593,34604
1949,1152,916975.393193019,35286
1950,1126,899067.3367826334,34707
1951,1140,910291.7958179169,35119
1952,1145,913967.5335661893,35454
1953,1155,918840.641506745,35527
1954,1153,921457.6879854221,35648
1955,1160,925785.9226975102,35799
1956,1092,872031.6967883331,33419
1957,1112,887252.6065023424,34165
1958,1107,883782.1110404076,33891
1959,1109,893966.8638698952,34557
1960,1116,895070.1040577571,34616
1961,1116,895820.373843593,34618
1962,1144,913189.7707829418,35630
1963,1148,916988.2362216129,36029
1964,1104,876185.5873455653,34200
1965,1116,879308.7156558426,34417
1966,1105,871270.8988214432,33669
1967,1114,883627.0370583307,34407
1968,1133,892157.1040239673,34807
1969,1150,903788.9979731742,35575
1970,1141,903969.0854411174,35354
1971,1131,892344.1912340017,34702
1972,1094,861408.7555011908,33115
1973,1045,827360.130589206,30575
1974,1069,842613.7199737749,31163
1975,1096,860059.1636756128,32086
1976,1111,873880.0976150499,32891
1977,1119,880330.8523560339,33009
1978,1102,868038.6952889431,32945
1979,1113,874203.7006972366,33010
1980,1141,893456.1663529436,34021
1981,1146,892193.5894638494,34156
1982,1130,877838.3896033575,33520
1983,1103,852485.6031092685,31698
1984,1127,872417.8299121205,32767
1985,1114,858401.433997812,32422
1986,1104,842099.8724383209,31349
1987,1102,839643.7444151173,31429
1988,1127,853575.3712781331,32106
1989,1140,866648.4595414515,32698
1990,1126,854279.2294902324,31934
1991,1119,847588.2955051579,31861
1992,1143,863087.4444027173,32633
1993,1160,876481.8876058098,33351
1994,1167,883826.9495436628,33645
1995,1166,882031.3180859786,33703
1996,1122,854185.5955338067,31595
1997,1135,862563.3624386193,32063
1998,1150,869119.5709402066,32460
1999,1169,888647.7913507859,33509
2000,1176,898051.4718320792,34142
2001,1180,898803.599873994,34386
2002,1169,890887.7075698347,33778
2003,1183,899236.4595610107,34225
2004,1181,904228.8260120112,34593
2005,1192,908143.8332740252,34754
2006,1187,902793.2300555074,34497
2007,1183,895426.8548460695,34531
2008,1164,884234.5269943204,34287
2009,1168,885655.8053045121,34589
2010,1175,897207.3138336922,35314
2011,1122,857432.0218405103,32901
2012,1136,869195.7363384952,33308
2013,1136,871072.1142123773,33367
2014,1137,869625.3327250455,33410
2015,1157,881430.6406247566,34008
2016,1166,890051.7908167647,34708
2017,1158,885717.8443095182,34382
2018,1104,843283.6712789552,32122
2019,1100,845771.9322078185,32187
2020,1112,859670.1983329023,32834
2021,1129,873126.0706058923,33522
2022,1151,883175.1061351099,34130
2023,1161,895571.350775613,34732
2024,1168,902803.0872790028,35141
2025,1122,869788.5067553789,33815
2026,1139,880600.4819234711,34158
2027,1160,895889.9376465818,35053
2028,1082,839539.837035894,31700
2029,1104,855482.308077041,32615
2030,1076,844267.2056656328,32075
2031,1100,861907.5246571887,33040
2032,1108,866303.1673737005,33101
2033,1107,860291.3952710218,32836
2034,1096,853444.9950731494,31948
2035,1109,865432.1377083469,32632
2036,1134,879271.7818399823,33490
2037,1107,864175.3965745175,32294
2038,1112,870031.9433789619,32734
2039,1145,892245.4029249706,33837
2040,1115,875107.7573489839,33241
2041,1145,892438.8666737723,34268
2042,1112,867835.5518053875,32968
2043,1140,886858.4857147805,34015
2044,1130,878187.433118819,33935
2045,1134,885778.4495031,34413
2046,1152,900040.7205087717,35031
2047,1170,909535.3316937101,35434
2048,1154,896998.3185695602,34687
2049,1158,904053.4646411086,35155
2050,1172,918166.5297939784,35870
2051,1183,926573.4054221818,36126
2052,1173,918885.0766940332,35996
2053,1199,938774.0653091832,37079
2054,1227,957454.5219103305,38078
2055,1157,901671.071934136,35766
2056,1174,908477.697882183,36048
2057,1172,906251.198371512,35772
2058,1182,909781.9694145996,36149
2059,1191,921900.6146663844,36975
2060,1121,863163.7344927418,33324
2061,1126,867519.0291779995,33795
2062,1160,889967.1907131547,34903
2063,1177,905444.3467078642,35691
2064,1174,905486.3386081257,35465
2065,1128,877842.1007197759,33740
2066,1110,865588.2711535965,33211
2067,1131,874828.6951973435,33388
2068,1130,875113.030996208,33136
2069,1139,882386.1509757385,33690
2070,1099,849923.455916294,32045
2071,1117,866689.2467235049,32891
2072,1109,865240.0524624311,32707
2073,1115,868315.2415208331,32823
2074,1136,883000.6211400685,33666
2075,1159,899715.0221591451,34684
2076,1160,899237.4494529744,34637
2077,1178,914104.5726350934,35450
2078,1162,900784.7993485065,34919
2079,1141,885809.9187383296,34357
2080,1164,901505.1015311865,35185
2081,1135,872860.0543134062,33543
2082,1159,887553.1796127819,34363
2083,1170,896563.4452432484,34606
2084,1165,889326.3169460626,33851
2085,1176,900515.6866693621,34463
2086,1183,908626.7896694295,34768
2087,1177,904605.7703027308,34574
2088,1154,890049.2900424566,34033
2089,1173,903678.400477076,34591
2090,1165,906511.4683372264,35116
2091,1162,900832.3890569994,34968
2092,1139,888333.4210858193,34594
2093,1156,909865.3491189554,35697
2094,1132,893410.6655624385,35133
2095,1134,890718.20244268,35062
2096,1163,904873.7997368928,35964
2097,1187,922010.9383426486,36947
2098,1183,923379.221351515,36819
2099,1186,924930.3880446777,36759
2100,1144,896602.9355198746,35170
2101,1159,906559.1512994303,35911
2102,1126,886555.9161586926,34960
2103,1140,899030.3079326841,35685
2104,1102,874744.0104687862,34106
2105,1129,894410.740092784,35117
2106,1138,900162.1045027927,35186
2107,1157,912836.1578683077,35930
2108,1135,892940.6120878869,34743
2109,1122,876953.568495252,33902
2110,1137,886837.2818709265,34554
2111,1138,882394.6247334736,33576
2112,1142,890157.1366670345,33852
2113,1174,911641.9263348087,34948
2114,1189,928886.2928747081,35857
2115,1188,928572.3648789705,36134
2116,1136,895250.89521896,34398
2117,1114,879081.7405261154,33408
2118,1104,871441.7180098237,33125
2119,1130,890349.2699538155,34065
2120,1160,909938.5482809953,35071
2121,1109,870049.4509657446,32858
2122,1119,878668.5154818291,33197
2123,1115,873738.9716405275,33044
2124,1122,877251.2510910882,33398
2125,1135,890477.8845690875,33968
2126,1155,908041.0124857287,34840
2127,1136,889631.4016891752,34052
2128,1120,875098.3819601433,33309
2129,1054,823499.3085386404,30859
2130,1090,844857.9411833609,31911
2131,1125,866386.4997229569,33006
2132,1139,880930.2385761306,33845
2133,1134,880280.0956672489,33820
2134,1143,890183.6790001537,34462
2135,1105,860278.4810891862,32889
2136,1097,857342.7052022709,32498
2137,1123,874899.631354429,33525
2138,1131,882837.2847261436,34007
2139,1142,889988.3604498876,34123
2140,1129,878094.941518916,33977
2141,1150,889661.9989190042,34578
2142,1092,852585.156179235,32632
2143,1118,870318.2888444996,33608
2144,1126,870182.2020164485,33717
2145,1118,867022.9042056929,33545
2146,1111,855704.0884919536,32643
2147,1125,870354.3554822479,33340
2148,1126,877374.6039027646,33688
2149,1127,877222.479397361,34097
2150,1139,892856.3780881327,35021
2151,1133,878525.241647426,34039
2152,1124,864242.8839429097,33325
2153,1126,871172.0235918239,33846
2154,1129,874314.6305289944,33971
2155,1082,841311.194394704,32888
2156,1100,854446.687084059,33558
2157,1092,844606.0718874948,33028
2158,1096,845052.8258150071,33268
2159,1087,837150.7455560153,32800
2160,1108,847717.4995446533,33229
2161,1119,858204.9894158015,33732
2162,1135,868417.1630124641,34211
2163,1128,862224.790765246,34134
2164,1139,876280.7045797332,34933
2165,1145,882839.1878420718,35384
2166,1138,880641.4350093885,35471
2167,1121,864000.0822264281,34332
2168,1119,857490.4071492183,33882
2169,1130,866903.563809746,34380
2170,1151,879032.6783339522,34899
2171,1170,891690.2900202523,35526
2172,1170,884025.4378381902,35300
2173,1178,884403.4546708763,35420
2174,1161,876116.9966031465,34764
2175,1154,873449.0404244993,34200
2176,1146,860928.3054210376,33226
2177,1147,866606.4625991195,33449
2178,1155,875564.2886948393,33380
2179,1174,889330.1412994922,34208
2180,1161,884486.5459669227,33978
2181,1172,892414.885713857,34563
2182,1192,909516.0803228247,35478
2183,1214,928203.9612953361,36359
2184,1212,925408.5686716578,36761
2185,1227,940830.9393854274,37610
2186,1161,894331.7407022764,35468
2187,1165,896076.6146344069,35416
2188,1160,896866.1972753241,35385
2189,1177,915499.9339554792,36337
2190,1174,914761.2419305651,36240
2191,1167,905070.0025805979,36054
2192,1170,912650.845325708,36632
2193,1198,932643.0447761487,37720
2194,1144,887840.4911670092,35611
2195,1175,907747.3915424105,36684
2196,1190,920813.1346143484,37464
2197,1108,861588.1428748631,33814
2198,1102,859150.1806430026,33952
2199,1121,868894.6702686237,34234
2200,1145,889104.1831698138,35189
2201,1130,882711.5842166874,34933
2202,1139,883964.85553254,35284
2203,1152,902040.0370896853,36275
2204,1180,920913.158328989,37335
2205,1159,907096.3188495752,36774
2206,1179,925829.1091140385,37836
2207,1192,932453.3616639575,38333
2208,1184,927888.5649761301,38223
2209,1214,952305.1171832255,39406
2210,1213,951489.6848592106,39449
2211,1159,912041.7251936706,37521
2212,1144,908719.2506990447,37048
2213,1175,926920.8448767774,38024
2214,1187,939872.3190141673,38565
2215,1186,939220.6368418656,38506
2216,1161,919747.7266575942,37486
2217,1166,924453.2292271308,37649
2218,1169,928499.1805329244,38020
2219,1196,941654.4474421543,38704
2220,1181,930060.4113335668,38026
2221,1172,925159.0963338311,37609
2222,1162,916615.495639965,36995
2223,1161,920944.5958555492,37284
2224,1180,940527.9556444179,38311
2225,1161,923526.332287455,37943
2226,1140,910812.8486598997,37238
2227,1135,905488.5456082837,36517
2228,1108,886795.1696134985,35271
2229,1113,889291.2385674479,35873
2230,1115,887730.2523255802,35409
2231,1115,892334.5897581653,35860
2232,1124,899620.9004343378,36055
2233,1129,899798.3344174529,36350
2234,1117,889884.5707779152,35576
2235,1121,896476.5470422301,35871
2236,1138,907490.2050081829,35899
2237,1101,877027.859698387,34701
2238,1107,885364.8218905369,35081
2239,1102,887106.2959385156,34928
2240,1123,906170.4588384148,35712
2241,1090,878468.0735617704,34328
2242,1070,862831.1698664848,33387
2243,1088,867778.0224480197,33201
2244,1121,886700.0361063324,34218
2245,1137,899761.1718959273,34986
2246,1157,905548.4823328857,35601
2247,1172,912572.0590842628,35931
2248,1186,931128.1825013467,36976
2249,1142,898870.8386424097,35875
2250,1123,881381.0045285432,34366
2251,1139,889713.7373750361,34920
2252,1158,900575.3377406095,35541
2253,1167,908897.7916902592,35907
2254,1152,899947.1801527058,35303
2255,1167,911950.2825446784,36104
2256,1179,916600.8940341158,36134
2257,1164,903231.4769153491,35572
2258,1183,922144.7389360078,36655
2259,1063,830749.790135495,30917
2260,1079,841939.8892145426,31643
2261,1104,861072.9592850129,32682
2262,1108,861265.4234539556,32146
2263,1094,848416.7894688494,32022
2264,1103,853942.0040860889,32606
2265,1124,866711.3638225592,33256
2266,1120,864783.2951156205,33354
2267,1103,845960.799032175,31956
2268,1126,865410.964269431,32962
2269,1133,872543.0548002901,33203
2270,1144,881552.4692937944,33660
2271,1123,867352.861747445,33345
2272,1119,865535.9799310816,33215
2273,1128,872839.3705277183,33680
2274,1112,859543.917204091,33183
2275,1132,871133.5129612644,33997
2276,1144,879087.7087946276,34502
2277,1114,859299.2667334503,33380
2278,1105,853528.9179866634,33684
2279,1110,856953.4899519496,33679
2280,1146,874666.6980369973,34594
2281,1149,879856.528709534,34935
2282,1172,893311.7759782997,35775
2283,1112,852724.9747788958,33408
2284,1143,872350.7503487157,34485
2285,1174,892934.2993893861,35566
2286,1071,803289.7088695293,29896
2287,1099,823595.4862343888,30916
2288,1120,842824.0321460689,31911
2289,1142,862878.5741761988,32904
2290,1107,840988.1032408829,31239
2291,1091,831984.7198358818,30864
2292,1109,841122.085250496,31245
2293,1125,851172.3092624554,31835
2294,1139,859969.490131753,32266
2295,1160,880661.8020738002,33352
2296,1154,877108.2038327431,33592
2297,1174,889034.0837107726,34289
2298,1153,876876.3809844725,33962
2299,1147,877414.3548518798,33958
2300,1138,863959.5298093744,33298
2301,1145,869865.4574311244,33771
2302,1138,870615.5049510805,34133
2303,1143,877782.3622903881,34498
2304,1166,891843.4795123006,35277
2305,1169,894930.0798766458,35192
2306,1166,893755.0430596556,35636
2307,1143,876519.2881069089,34658
2308,1165,890518.639230022,35444
2309,1103,844090.9215503874,32325
2310,1128,862091.0201236196,33320
2311,1145,869673.0021894843,33747
2312,1152,876459.266369223,34258
2313,1166,889200.8108585981,35011
2314,1140,868987.0112169454,33668
2315,1166,880943.044562709,34407
2316,1192,899651.7694871759,35433
2317,1193,898798.3141254723,35408
2318,1153,874378.2524988565,34412
2319,1169,889881.1660329902,35327
2320,1179,901065.193880623,36048
2321,1157,884308.7073925533,35144
2322,1157,886965.914227282,35173
2323,1157,888698.8641160442,35021
2324,1183,908281.0288124457,36090
2325,1182,911895.2161627819,36127
2326,1192,919333.7268539679,36514
2327,1199,927098.5120538113,36903
2328,1155,898205.8209407622,35545
2329,1146,888155.7719789603,35088
2330,1152,895083.5046411995,35393
2331,1157,901260.5014481185,35697
2332,1181,914737.9759450722,36309
2333,1190,922236.5425077863,36780
2334,1224,942872.3892905735,37771
2335,1220,939043.470447986,37617
2336,1233,947049.9840440233,37631
2337,1235,952704.8590296188,38082
2338,1240,961566.2185422607,38701
2339,1245,968022.4159680402,39111
2340,1201,934852.8181238874,37620
2341,1209,943294.3299769909,38021
2342,1220,954102.575535109,38396
2343,1233,966425.8732563996,38904
2344,1254,986484.3190556145,39975
2345,1201,944740.6297784509,37580
2346,1227,961607.5401399628,38570
2347,1206,948990.2215367901,37690
2348,1208,950486.9422805689,37319
2349,1199,946389.1934676651,37503
2350,1209,949723.8612282698,37965
2351,1198,945924.4878846112,37926
2352,1200,945044.022611757,37928
2353,1183,934392.4795998273,36729
2354,1208,956128.3582287309,37821
2355,1225,968328.8363035487,38665
2356,1200,951570.4517209852,37906
2357,1226,965987.8620183726,38662
2358,1184,931421.6621633793,36370
2359,1199,946511.9855959949,37285
2360,1149,910499.3501649952,34399
2361,1163,925320.3130006203,35248
2362,1197,942924.339601987,36265
2363,1212,947337.5093703922,36611
2364,1189,924469.7844217843,35330
2365,1209,939823.6739559587,36252
2366,1185,924547.2882551242,35456
2367,1199,935959.3547204572,36196
2368,1196,935366.0186614473,36219
2369,1134,891293.3740825849,33853
2370,1160,908130.1481095436,34725
2371,1176,920015.485612705,35189
2372,1153,908323.7763321677,34405
2373,1175,913582.9704709613,34613
2374,1183,913472.4139477727,34048
2375,1204,936752.2306342523,35216
2376,1209,935057.6777691726,35420
2377,1221,944825.011758808,36174
2378,1164,907942.851392507,34311
2379,1135,888834.9773494786,33530
2380,1136,890815.0049704836,33871
2381,1157,911286.2862022404,34937
2382,1148,902578.6478844275,34128
2383,1159,920826.1614201993,35158
2384,1154,923553.7768648705,35215
2385,1166,936444.2425798936,35812
2386,1152,922934.846353737,35264
2387,1097,885983.7171223826,33316
2388,1094,883365.7066093836,33101
2389,1119,895026.0171254633,33949
2390,1149,914626.5969174881,34969
2391,1137,907877.2981605157,34666
2392,1156,922550.041967575,35526
2393,1159,922805.2929979287,35691
2394,1115,888262.5927264403,34056
2395,1118,890061.4563652948,34383
2396,1102,877259.3142580539,33928
2397,1112,887522.907501131,34568
2398,1123,891667.9950689421,34412
2399,1100,872698.1928777895,33310
2400,1098,875106.7739927266,33288
2401,1093,869265.5269025934,33362
2402,1063,849183.0540392135,32355
2403,1064,853557.390018639,32767
2404,1068,859085.280366384,33233
2405,1036,833350.7088132947,31091
2406,1031,829716.1401995971,30772
2407,1039,836589.8055775736,31356
2408,1071,856506.2450526081,32351
2409,1091,871978.6032655219,33225
2410,1074,853372.3289500483,31990
2411,1071,849550.741536413,31868
2412,1074,848681.2301748799,32231
2413,1062,828939.2347663185,31426
2414,1076,837130.4458554358,32132
2415,1100,856662.694044496,33161
2416,1112,869264.4675176826,33915
2417,1118,873557.4277294645,34359
2418,1068,834898.2037890288,32836
2419,1026,798939.7242097179,30253
2420,1033,809619.7622294128,30887
2421,1057,827106.6183483476,31793
2422,1078,840209.9154391035,32357
2423,1078,843373.4886544038,32363
2424,1075,839321.9472410968,32490
2425,1052,816528.735073413,31699
2426,1054,819542.5986375619,32027
2427,1080,835009.1496004858,32755
2428,1083,840542.2240449229,33095
2429,1098,858213.9359571973,34059
2430,1111,862345.5081374494,34340
2431,1068,832500.2929820808,32200
2432,1063,834984.3020112605,32351
2433,1053,829064.913754197,32239
2434,1051,820111.8647295188,31802
2435,1064,832152.7370326122,32383
2436,1062,833313.0254287786,32035
2437,1080,844114.5885959296,32586
2438,1095,853245.9077126768,32867
2439,1105,863896.1341869405,33673
2440,1094,853147.7198099721,33415
2441,1069,834114.545131082,31984
2442,1041,814348.8481839355,30851
2443,1069,833417.2485777446,31813
2444,1062,827404.6842251382,31513
2445,1070,833800.6119116897,31833
2446,1082,837581.7203442394,32024
2447,1070,830929.3637955978,31851
2448,1093,845426.4095251656,32590
2449,1103,850505.1281082015,32979
2450,1107,856579.3067658775,33011
2451,1098,850979.216496388,33152
2452,1048,816471.2561316905,31142
2453,1028,801613.5637897577,30282
2454,1060,819082.7584784181,31044
2455,1078,828425.8994201599,31440
2456,1098,847739.8782741518,32443
2457,1092,843385.4688357142,32165
2458,1095,843273.157370132,32063
2459,1100,852857.7396473847,32727
2460,1084,832730.9536794691,31236
2461,1063,818500.8109700342,30359
2462,1088,835949.4306991437,31182
2463,1110,854462.9633972861,32200
2464,1109,850812.002400355,32256
2465,1134,867470.9016763257,33213
2466,1100,844026.8258199459,31808
2467,1060,817644.9694559531,30497
2468,1061,814257.6991098113,30364
2469,1087,833389.7036232376,31349
2470,1101,843152.77172898,31980
2471,1077,825016.4115375938,30775
2472,1087,832076.7858950744,31284
2473,1095,840927.8067068628,31822
2474,1094,835114.8053312792,31694
2475,1128,856746.0146930378,32788
2476,1147,867991.7612884887,33570
2477,1153,878903.695643931,34287
2478,1142,871505.5579842814,34132
2479,1154,883521.1254247746,34821
2480,1106,852026.7774784486,33492
2481,1113,859647.692216902,33866
2482,1118,865256.4219079826,33881
2483,1116,865637.5787860362,33770
2484,1106,863086.1939511282,33271
2485,1131,881420.8879839398,34196
2486,1104,863170.907143452,32919
2487,1093,847622.1597035902,32184
2488,1110,862135.0047372344,32983
2489,1129,870347.5687685603,33398
2490,1115,860353.6653578727,32925
2491,1139,874693.3617114121,33761
2492,1149,886620.3951097791,34439
2493,1176,902104.2662033285,35380
2494,1143,877928.5000231182,34202
2495,1089,835449.6646453392,31883
2496,1109,849161.695185622,32678
2497,1133,866355.3099775137,33650
2498,1140,876390.7209458979,34019
2499,1146,885905.8540720076,34759
2500,1109,862601.6316245418,33896
2501,1124,876413.4980419261,34585
2502,1149,894079.5232727182,35567
2503,1134,885989.5021441929,35322
2504,1107,868453.5623070645,34547
2505,1126,885708.280524643,35287
2506,1100,863111.621653067,34326
2507,1108,872588.9445235276,34959
2508,1116,876072.8769804519,34935
2509,1141,895942.717817729,35860
2510,1095,856362.797170036,34005
2511,1069,843727.1506041557,32735
2512,1099,865602.7813151255,33799
2513,1108,873478.7541314833,34183
2514,1112,877986.6570352959,34366
2515,1055,838789.6295729956,32300
2516,1048,837486.816616986,31959
2517,1059,843156.9616367535,32199
2518,1066,845966.3100190046,32199
2519,1091,861937.6762382727,33078
2520,1109,872821.0637619687,33816
2521,1104,870612.603927673,33524
2522,1121,886585.9319284993,34327
2523,1136,898637.0714964048,34782
2524,1100,866131.9084803903,33253
2525,1105,872424.248144671,33713
2526,1125,883194.0930898268,34476
2527,1071,837345.7623079261,31255
2528,1073,839127.8473339665,31211
2529,1099,855529.6993622729,32057
2530,1127,874141.9147221164,33058
2531,1151,892983.254732953,34074
2532,1158,893058.6652258363,33903
2533,1167,900386.1659859478,34534
2534,1171,901828.7543494652,34454
2535,1149,885633.492392384,33565
2536,1149,879983.9775074054,33509
2537,1168,897834.6897080201,34505
2538,1155,887609.0731038245,34073
2539,1167,895352.9219324549,34278
2540,1181,901302.9876111018,34575
2541,1188,895214.8531422641,33518
2542,1215,912535.4890554338,34525
2543,1161,881723.7641478676,33529
2544,1172,893061.2734887128,34208
2545,1197,914775.3328723907,35326
2546,1181,904692.2481572991,34659
2547,1185,905090.7444395027,34811
2548,1177,894611.5230627215,34381
2549,1180,898112.5518622453,34733
2550,1174,897643.1010429523,34582
2551,1201,916459.6039930519,35536
2552,1129,861853.1016805933,32227
2553,1162,878910.7736990073,33120
2554,1192,894466.1027084666,33976
2555,1207,905644.6113047651,34655
2556,1229,928140.276092311,35785
2557,1218,923091.6674040353,35356
2558,1121,853202.4642634011,32161
2559,1151,875133.3838287529,33270
2560,1149,877146.0492535643,33130
2561,1174,890461.2831939948,33950
2562,1200,904566.3195496773,34782
2563,1202,910495.8551342577,35198
2564,1221,918470.2792883054,35549
2565,1212,915019.4042073482,35766
2566,1222,925174.4959133373,36315
2567,1228,933594.6486738819,36766
2568,1228,937998.6272528456,36890
2569,1201,917709.4518764231,36160
2570,1187,909860.6175156009,36034
2571,1159,891068.6337517677,34821
2572,1183,908006.0596487158,35717
2573,1199,922749.2863163913,36453
2574,1195,917573.0383459191,36256
2575,1203,922026.6308621883,36736
2576,1177,907126.8189433672,35362
2577,1196,919998.9662760795,35997
2578,1170,904400.0991176517,35162
2579,1180,910860.465981977,35519
2580,1188,918033.2392080758,36017
2581,1203,929446.3674671398,36728
2582,1211,938954.976645853,37000
2583,1184,918514.578924346,35803
2584,1176,912207.2584801648,35597
2585,1191,921214.9297794686,36262
2586,1190,926361.9530242975,36733
2587,1188,921069.4835378857,36583
2588,1173,909503.6297507068,35500
2589,1179,917588.5666331978,36090
2590,1152,900269.281011196,34931
2591,1131,889934.4222215856,34570
2592,1145,895592.9602576073,34926
2593,1156,912733.2381123261,35929
2594,1157,909746.3579189472,35987
2595,1188,928270.0389845765,36953
2596,1214,950532.2119451041,38051
2597,1193,932562.701997281,37601
2598,1160,910412.325094974,36004
2599,1153,898003.1876546214,35409
2600,1123,876639.1912621737,34657
2601,1146,893275.4617991768,35636
2602,1163,905273.6448091423,36395
2603,1159,905526.7722335317,36437
2604,1175,922020.6530223711,37437
2605,1193,932536.8809289307,37878
2606,1191,936700.8506250817,38215
2607,1168,919536.4213198305,37421
2608,1111,881918.2851958696,34782
2609,1131,894750.210926137,35435
2610,1128,892702.7506133823,35479
2611,1150,905242.8129701869,36270
2612,1165,921143.1780874172,37077
2613,1182,930022.9216612688,37645
2614,1191,932942.8657180076,37875
2615,1146,898382.5921527592,36029
2616,1157,904940.066992343,36308
2617,1166,913321.404509497,36744
2618,1156,905982.8624185628,36447
2619,1171,910060.6436795288,36332
2620,1172,917936.650563341,36689
2621,1174,930603.959373113,37490
2622,1173,929763.7892881094,37421
2623,1141,912670.7086816275,36538
2624,1173,933573.249888689,37631
2625,1153,914974.8675542218,36514
2626,1162,919715.1048122202,36785
2627,1144,903266.3800052836,35229
2628,1166,914546.5446143438,35802
2629,1189,932666.4709262555,36708
2630,1160,911833.4953303398,35329
2631,1162,911560.8132911788,35303
2632,1188,928635.5284927686,36271
2633,1179,916574.9916640378,35846
2634,1169,911732.9436636447,35415
2635,1190,926903.6863636434,36308
2636,1192,926146.9081957914,36367
2637,1165,902126.1427358418,34598
2638,1134,879352.1826314317,32978
2639,1118,867586.3572722311,32812
2640,1115,871525.2829685343,33065
2641,1127,876954.1386535743,33159
2642,1102,857983.2587124998,32329
2643,1097,855448.0952882686,32335
2644,1117,868465.4543607961,32919
2645,1149,886871.6874926923,33957
2646,1164,899615.7547241836,34574
2647,1172,918568.6395157046,35623
2648,1147,901993.8892213091,35203
2649,1153,906684.8219243245,35379
2650,1162,918343.7906222136,36122
2651,1070,845395.7853230517,32345
2652,1092,863073.7444816192,33320
2653,1116,880959.7342701002,34291
2654,1139,892247.7238140516,34772
2655,1133,889469.388782183,34980
2656,1130,892914.8173489036,35256
2657,1147,901312.0969834825,35522
2658,1171,917893.3212855249,36314
2659,1142,890971.610344572,35502
2660,1122,879016.6348870286,34656
2661,1147,890666.8325387046,35288
2662,1144,888594.4872493991,35352
2663,1156,906515.9701077733,36378
2664,1162,912348.1293549349,36499
2665,1117,882266.3757312364,34900
2666,1147,900171.7122404628,35898
2667,1180,915931.8230590087,36770
2668,1191,924747.5449514459,37338
2669,1181,912009.7847370701,37136
2670,1203,926385.0553884336,38055
2671,1147,888642.2034941164,36335
2672,1142,882808.0477946107,35858
2673,1117,858200.0154321207,33982
2674,1134,871820.3745304502,34464
2675,1120,863437.050284222,33319
2676,1125,867495.637352299,33479
2677,1144,882921.1876612866,34287
2678,1158,887338.8809502452,34554
2679,1171,898148.3745381738,35089
2680,1185,910709.7434115025,35894
2681,1193,916233.8419167607,36535
2682,1206,926924.529653594,36948
2683,1217,945162.9314636465,37915
2684,1151,899891.7746440064,36001
2685,1156,902033.0452734377,35884
2686,1163,910453.0484520608,36409
2687,1162,908891.5126162497,35944
2688,1144,896260.4064805331,35234
2689,1128,884451.4750764708,34590
2690,1148,899494.9471737047,35382
2691,1172,915844.552761258,36007
2692,1197,935506.546475202,37086
2693,1218,953849.0739107061,38135
2694,1205,946994.2620497743,37950
2695,1179,923781.9350124508,36762
2696,1197,930397.4453384363,37146
2697,1170,909074.0707836248,35988
2698,1167,906894.0460094832,35473
2699,1151,890813.3406616673,34706
2700,1172,906362.7454806379,35525
2701,1189,920981.1308372602,36369
2702,1203,938425.4718160974,37372
2703,1192,934153.0636995481,36514
2704,1161,912087.1449841759,35621
2705,1154,904850.2428768697,35283
2706,1130,889232.9910456669,34676
2707,1150,907258.9111157741,35688
2708,1110,886734.8652707848,34561
2709,1131,901107.1395571468,35330
2710,1149,909986.6011407967,35471
2711,1145,906839.2891234412,35326
2712,1124,895148.2934887013,35040
2713,1152,914152.0710490901,35977
2714,1147,912446.581854113,36223
2715,1131,895633.4958109764,35557
2716,1133,901437.2804562203,35531
2717,1155,917150.487758794,36521
2718,1163,920012.1316454236,36712
2719,1142,896478.2311770114,35267
2720,1158,914247.0202227856,36273
2721,1181,929020.3042565329,36884
2722,1167,922062.2787979656,36517
2723,1135,890998.6721589993,34805
2724,1155,908923.8471015119,35790
2725,1147,906578.9739723752,35488
2726,1154,917168.3506069169,35752
2727,1148,911961.4394865494,35692
2728,1146,912909.1618004214,35688
2729,1090,866914.3354836556,33682
2730,1120,886517.6438016561,34662
2731,1100,870856.2351246976,33826
2732,1126,891866.2424744457,34911
2733,1132,891058.7900040131,34980
2734,1153,912285.5541988326,36067
2735,1124,890745.4332913791,35012
2736,1118,889494.3195017077,35157
2737,1114,878916.4648962795,34740
2738,1124,884792.5500251742,35091
2739,1151,900103.3671424253,35795
2740,1142,894033.6948365555,35359
2741,1154,902731.1551107819,35781
2742,1146,895518.8996191117,35623
2743,1155,903147.0437096654,35923
2744,1167,913542.1431098452,36780
2745,1191,930627.0247043003,37715
2746,1165,903914.5708879656,36680
2747,1080,838518.7144874235,33395
2748,1102,851729.6404919659,34082
2749,1098,847494.5073996648,33733
2750,1109,856053.6493829818,34106
2751,1114,863371.0903209319,34330
2752,1129,875836.0792340786,35166
2753,1139,886615.6503018506,35942
2754,1007,792303.8638512115,30429
2755,1020,802873.4984266051,30969
2756,1018,803773.9302409891,30901
2757,1056,822624.6598185403,31853
2758,1056,819543.9409750765,31687
2759,1085,841823.6484913733,32743
2760,1109,856270.1427290511,33466
2761,1106,856156.4407470411,33784
2762,1095,853323.8146325415,33592
2763,1039,809151.3469142626,30155
2764,1065,821836.6580006358,30807
2765,1064,823657.8705258057,30937
2766,1060,824605.7659124298,31162
2767,1006,786265.3752081541,28844
2768,1004,781891.2422079399,28581
2769,1029,800800.4462356735,29567
2770,1059,821309.9218647046,30572
2771,1037,802385.0491724554,29661
2772,1051,806278.258577483,29785
2773,1067,813043.2986817084,30314
2774,1100,831552.5256082343,31236
2775,1107,839258.0358734973,31788
2776,1108,847112.017371238,32338
2777,1114,850041.2706386057,32377
2778,1119,851118.9115334899,32464
2779,1114,845014.3153154061,32413
2780,1120,841625.5171339558,32041
2781,1081,815934.3169332125,30634
2782,1079,817677.6101922393,30976
2783,1105,833238.9212301725,31781
2784,1109,835773.5076561178,32121
2785,1138,855367.4028668482,33095
2786,1105,829280.8246897802,32243
2787,1116,830422.3027592918,32376
2788,1122,837211.7278872824,32963
2789,1138,847297.52938247,33481
2790,1155,856659.1246228954,34089
2791,1143,847569.1672961499,33751
2792,1134,839476.7707171019,33270
2793,1121,836124.5120428789,33292
2794,1149,858075.3276987483,34387
2795,1119,843406.6907901594,33462
2796,1131,849614.1443995461,33716
2797,1138,857556.1722708942,34319
2798,1154,869992.9410233974,35192
2799,1143,862716.6865707305,34649
2800,1148,867606.5009952988,35171
2801,1157,879612.0486380527,35833
2802,1177,894327.9208371857,36686
2803,1122,854343.8134941559,34613
2804,1140,870931.3044728227,35544
2805,1153,877566.4185191728,36025
2806,1174,890754.7049701768,36820
2807,1136,869271.7555922489,36078
2808,1135,872329.3593606483,36274
2809,1153,888596.253023776,37200
2810,1165,900219.055644692,37718
2811,1162,895687.468706069,37263
2812,1137,874017.7472539941,35309
2813,1161,889868.2326936977,36044
2814,1166,897954.3654894489,36498
2815,1170,907070.4409560836,37121
2816,1182,920128.5801232578,38032
2817,1145,894563.1350398622,36939
2818,1115,865803.851647305,34719
2819,1102,856934.9792634993,34032
2820,1125,874706.414725028,34997
2821,1150,883995.7245679196,35760
2822,1170,894125.5784288892,36376
2823,1201,914128.3912037676,37438
2824,1169,884900.189613604,36404
2825,1125,854147.0814382196,34456
2826,1123,858771.7791754352,34813
2827,1129,867782.8997610013,35156
2828,1145,880459.9903296215,35984
2829,1170,894986.8556833765,36962
2830,1177,901857.1808433445,37500
2831,1170,896817.2368209948,37194
2832,1162,893707.3119743776,36961
2833,1151,884060.9871532558,36569
2834,1160,886850.0748516308,36624
2835,1123,858832.7031713143,34342
2836,1130,862398.9925869617,34450
2837,1136,862421.0104700109,34460
2838,1154,877352.4607431989,35300
2839,1161,885867.2788009187,35875
2840,1135,865845.8651510013,35111
2841,1148,878299.0308513498,35830
2842,1157,885488.0033017434,36205
2843,1160,885471.457970722,36488
2844,1102,847014.815615982,34059
2845,1126,863559.4310473108,35021
2846,1123,866094.6599531396,34597
2847,1109,851360.9859902771,33330
2848,1127,867969.494110763,34219
2849,1119,864221.6221024253,34029
2850,1114,855648.4607460719,33719
2851,1129,867747.4457425033,34321
2852,1166,885510.734655714,35212
2853,1157,881450.2581765243,34982
2854,1152,876994.1515724537,34863
2855,1151,878609.9004149351,34818
2856,1132,869769.3691045057,34784
2857,1154,882953.4140182476,35502
2858,1167,896205.0017078132,36435
2859,1164,893975.8200648215,35920
2860,1185,915494.6147520394,36973
2861,1194,927971.8644885247,37771
2862,1176,914612.5798067837,37513
2863,1194,930338.1046498781,38381
2864,1196,933753.7197972547,38494
2865,1173,914289.5512762676,37832
2866,1150,901013.0445748415,36863
2867,1165,909123.0759109063,37323
2868,1169,906271.0286273825,36662
2869,1172,909848.0543592345,36569
2870,1181,921120.9724146447,37375
2871,1198,939899.2916272319,38138
2872,1181,930405.4632793731,38191
2873,1156,919527.792976985,37591
2874,1163,927039.4667207015,38173
2875,1156,920760.2542977346,37878
2876,1143,911719.7070964167,37423
2877,1171,931554.5004081397,38498
2878,1195,950556.0768320301,39505
2879,1093,874863.5177828843,35257
2880,1081,860891.6257844972,33699
2881,1096,877835.3291212984,34563
2882,1115,886060.7420282228,35084
2883,1106,888262.156974449,34781
2884,1127,899519.5017197173,35446
2885,1086,865653.224132559,33366
2886,1107,884357.1323953097,34324
2887,1117,891773.2881659358,34926
2888,1140,906748.010177356,35804
2889,1131,897439.7933605174,35648
2890,1134,898636.919152629,35504
2891,1163,916261.5425115968,36493
2892,1189,937918.1970762162,37600
2893,1155,912740.1103685044,36014
2894,1167,923783.4130421422,36592
2895,1181,929825.4001029938,37210
2896,1207,948415.278305296,38116
2897,1142,898937.8081068663,34875
2898,1169,909373.0520504056,35380
2899,1199,927420.8409344263,36382
2900,1174,911609.5091092546,35527
2901,1162,903057.9929283785,35111
2902,1156,895846.9193696645,34773
2903,1174,906211.872099434,35341
2904,1193,922070.6877670346,36110
2905,1203,930810.8835831347,36719
2906,1134,881754.3358633881,33996
2907,1136,882027.368351603,34065
2908,1120,866748.2300712097,32642
2909,1129,880023.021402742,33434
2910,1146,891459.4304205187,34222
2911,1162,905239.3337694173,35051
2912,1139,893306.4088012765,34883
2913,1139,890845.2664108048,34349
2914,1141,896779.2101265633,34629
2915,1092,864134.9852724586,32898
2916,1099,875520.5566880477,33181
2917,1065,851100.7439750014,31769
2918,1065,850096.6034412881,32050
2919,1060,847331.8898153488,31776
2920,1073,856348.3492253297,32425
2921,1089,867159.3461251366,32821
2922,1116,882865.577227355,33728
2923,1078,858650.0289551418,32636
2924,1098,874340.67730047,33529
2925,1114,877053.8950966563,33557
2926,1101,858414.0098049801,33141
2927,1113,866124.9561482596,33717
2928,1120,864118.8660474943,33360
2929,1127,867182.9857174723,33515
2930,1137,869710.1556584149,33754
2931,1121,862720.3172872278,33198
2932,1142,879236.3450065706,34011
2933,1156,892400.5091526415,34921
2934,1137,877359.9451709024,34185
2935,1122,867032.6133485854,33713
2936,1140,874764.1698790292,34434
2937,1120,857749.5000659283,33225
2938,1111,855840.1032944109,33261
2939,1120,866809.2267672163,33910
2940,1133,880539.983442351,34554
2941,1143,897640.4778590773,35386
2942,1140,901256.885030215,35638
2943,1151,912544.3271411052,36524
2944,1110,885924.0380692563,35045
2945,1113,892606.6715128515,34792
2946,1124,897589.0078857195,35019
2947,1119,888965.4482878243,34434
2948,1144,908145.7046929894,35337
2949,1170,928277.6176590805,36402
2950,1171,923428.6519498894,36202
2951,1151,904305.5233975737,35658
2952,1143,891491.1609832532,34665
2953,1131,871714.5125572497,33247
2954,1151,891194.7822368885,34313
2955,1164,903333.5967395938,34969
2956,1183,916018.8679340814,35383
2957,1180,914320.0714496349,35310
2958,1134,876606.3640981225,33688
2959,1142,885054.6303703281,33825
2960,1121,866655.2255131593,32658
2961,1128,874973.5516867805,33154
2962,1077,840252.4877007534,30860
2963,1088,853663.8869969735,31718
2964,1097,852738.768575764,31639
2965,1104,860213.1027053813,31919
2966,1103,857873.6860378948,31798
2967,1111,864648.0529626143,32290
2968,1137,880079.1251619927,33147
2969,1146,889755.7993549928,33484
2970,1142,889101.2345232817,33552
2971,1159,906461.5672477245,34547
2972,1131,889814.846376728,33898
2973,1099,859936.2601757027,32339
2974,1100,867427.4042338651,32912
2975,1104,866986.9137557124,33064
2976,1097,862404.8269752628,32887
2977,1114,871804.6369090903,33279
2978,1099,857004.9278370227,32654
2979,1102,854294.9788009931,32253
2980,1126,874183.9862815544,33265
2981,1130,877758.9027330655,33699
2982,1141,884330.3280874842,34223
2983,1120,871143.3897404288,33835
2984,1104,857695.5932407785,32992
2985,1104,861512.1969898872,33350
2986,1076,843988.7809952181,32688
2987,1089,854241.2426096176,33024
2988,1106,863620.0728391935,33707
2989,1101,866757.40494266,33859
2990,1114,873650.442728482,34473
2991,1136,893543.6287012224,35433
2992,1140,901648.9083115691,35660
2993,1145,906418.1383107309,35953
2994,1106,880214.764381184,34679
2995,1117,886683.9526100794,35320
2996,1113,879670.2485290564,34227
2997,1122,883722.653799853,34397
2998,1138,897160.2764603746,35102
2999,1152,905554.8025564203,35570
3000,1118,882818.231178599,34537
3001,1140,893014.2764555046,34788
3002,1136,893399.9602893596,34573
3003,1139,896448.9607379915,34780
3004,1134,892463.9741118029,34564
3005,1139,892539.099537959,35036
3006,1134,891735.9126328195,34783
3007,1154,908663.2651460094,35495
3008,1092,865016.7006731405,33585
3009,1091,866814.4571061725,33844
3010,1119,887204.4128136263,34879
3011,1113,885124.4265968648,34684
3012,1124,893806.8747090115,35217
3013,1094,870254.8948828779,34261
3014,1115,887133.5238854513,35198
3015,1074,863395.5072181292,33847
3016,1085,871183.9616395589,34303
3017,1076,859122.4025855097,33732
3018,1063,841415.0245561966,32861
3019,1080,849376.4307127194,33170
3020,1114,871133.4807565329,34241
3021,1125,885374.885106989,35034
3022,1124,880104.2871380334,34991
3023,1118,875529.8716605825,34758
3024,1117,878957.8514616449,34865
3025,1111,867835.7567910177,34368
3026,1115,874270.2664646803,34781
3027,1118,878414.8216854327,35182
3028,1067,838534.2480118237,33184
3029,1084,846390.9987998984,33527
3030,1098,861351.3199623175,34299
3031,1090,857250.9079825612,34260
3032,1046,819915.4234094229,32283
3033,1052,816741.0605795052,32110
3034,1082,835168.9485056187,33109
3035,1100,847518.4989438799,33897
3036,1018,789069.1555328437,30363
3037,1043,801813.9982356337,30992
3038,1075,821656.6863603494,32009
3039,1098,830330.6388541845,32633
3040,1089,827622.7859363309,32767
3041,1095,832886.0264113675,33047
3042,1121,848551.5481700171,33924
3043,1086,827831.6314178063,32750
3044,1074,819951.5710701097,32046
3045,1103,839746.8926491825,33082
3046,1109,848545.8136819182,33765
3047,1081,834441.4703250311,33303
3048,1102,854705.0197526272,34305
3049,1115,866501.3066474767,35011
3050,1120,867090.0734706863,34984
3051,1147,885604.7034517061,36011
3052,1091,846325.4769888661,34435
3053,1101,844870.989059246,34412
3054,1087,830183.0712904168,33257
3055,1107,840768.3636531745,33805
3056,1067,814986.1677312183,32155
3057,1085,835132.4000695235,33200
3058,1080,834962.8310119015,33409
3059,1099,852234.5661560637,34394
3060,1060,820038.4282122948,32602
3061,1060,815959.9238375637,32524
3062,1051,810454.1246612107,32073
3063,1063,829422.6368394438,33069
3064,1089,845965.7778494791,33946
3065,1079,845030.3124703406,34111
3066,1096,856046.1058918571,34703
3067,1116,869013.5655479819,35390
3068,1136,885800.2255083933,36288
3069,1144,892204.113262183,36860
3070,1035,805791.054783041,31892
3071,1061,818815.2316685419,32503
3072,1016,782798.2638594584,30875
3073,1008,775829.2984214143,30609
3074,1013,775144.7188354331,30487
3075,1015,773695.5503903113,30449
3076,1037,790798.25996422,31230
3077,1047,801618.757243546,31839
3078,1019,774352.8017137619,29748
3079,1032,784598.0263014319,30219
3080,1028,791212.6339581095,30602
3081,1038,793033.4591332087,30800
3082,1048,797773.7058293248,31226
3083,1059,804185.6463205226,31301
3084,1019,775226.1276276492,29605
3085,1050,792149.6622575348,30543
3086,1039,780740.6025721926,30291
3087,1038,784068.5009896781,30580
3088,1060,796523.6097749961,31378
3089,1079,804843.4491912446,32100
3090,1004,747907.8078566467,28510
3091,1029,766211.3215461449,29475
3092,1056,783107.5780152729,30429
3093,1051,777981.4829741608,30017
3094,1062,783714.1345676661,30376
3095,1016,744624.544929201,28300
3096,1039,760456.5663989732,29230
3097,1025,758483.7847961708,29338
3098,1051,768100.2052769987,29853
3099,1023,755469.4755634533,28998
3100,1030,759301.6439158628,28851
3101,1043,769242.2847324457,29316
3102,1066,780033.3695356011,29860
3103,1091,799395.6750370063,30876
3104,1006,740439.1910203706,27946
3105,999,738007.1575659451,27760
3106,1022,756690.0085885676,28720
3107,1058,775584.4904669953,29696
3108,1077,793084.9597309593,30638
3109,1038,766595.5143326736,29619
3110,1043,775682.2972926056,30129
3111,1073,794122.2678028416,31115
3112,1060,789631.6692412583,31189
3113,1074,793235.7787594148,31208
3114,1101,810469.9324991994,32123
3115,1118,823404.6577638602,32536
3116,1109,811636.0583166861,32057
3117,1101,807364.8813870915,31930
3118,1090,803182.7667961904,32053
3119,1115,816323.8593732322,32803
3120,1144,832105.915958502,33658
3121,1135,829291.5364139449,33065
3122,1147,834185.5437990958,33320
3123,1124,820043.3531501598,32495
3124,1110,811727.5492507431,32017
3125,1111,817235.5262406312,32555
3126,1120,826612.6145777178,32973
3127,1138,846330.8824472765,34010
3128,1148,857410.131437064,34547
3129,1178,874956.0900378015,35429
3130,1128,842221.1730857193,34010
3131,1147,858523.4578015867,34844
3132,1141,855281.0451710226,34772
3133,1165,867081.149685757,35243
3134,1105,828684.1698632183,33231
3135,1124,842324.7432146705,34048
3136,1116,840591.1736617716,33624
3137,1117,844360.8827492031,33731
3138,1100,826015.0422721478,32712
3139,1071,808110.4223546293,31877
3140,1062,810934.5390105278,31930
3141,1083,824433.7845134004,32610
3142,1073,816120.7606751268,31818
3143,1099,833688.4585840408,32793
3144,1111,841948.1165242947,33338
3145,1095,829472.9770941879,32522
3146,1119,842186.8457963649,33268
3147,1097,835048.5714333338,32970
3148,1109,841364.3303086181,33316
3149,1128,856965.5443031597,34256
3150,1134,858654.427939037,34405
3151,1147,865953.5276557544,34702
3152,1154,870861.6024432724,34830
3153,1161,877531.197698068,35206
3154,1184,899515.3689788398,36335
3155,1178,892241.386253504,36166
3156,1169,888904.8034515822,35877
3157,1183,905366.6946114853,36802
3158,1155,882937.775808581,35476
3159,1143,872790.0932109683,35374
3160,1150,879791.554988007,35415
3161,1156,874007.0813105656,35211
3162,1175,885061.8546280195,35555
3163,1184,891758.5984832903,35770
3164,1204,906135.3433600243,36621
3165,1159,868258.9598479867,34526
3166,1169,877459.2141232452,34923
3167,1180,887078.7999510841,35413
3168,1198,896578.3306123475,36016
3169,1213,903979.3463109077,36497
3170,1242,921740.9692603109,37511
3171,1259,939469.1589772115,38535
3172,1212,915468.0462304681,37255
3173,1212,916148.9194965488,37257
3174,1157,873782.1379803362,34446
3175,1179,890934.9510886807,35342
3176,1211,910149.4728943475,36346
3177,1206,905127.5438206418,36280
3178,1192,898263.1371788253,35715
3179,1190,899551.1650214391,35747
3180,1198,912252.4705142215,36443
3181,1199,914609.7840453046,36406
3182,1192,915972.2519383117,36166
3183,1168,896669.8338504464,35652
3184,1165,890353.499711918,35425
3185,1163,892875.5430621672,35722
3186,1178,904469.0637238151,36346
3187,1201,922236.5403676603,37217
3188,1170,903140.5795490388,36472
3189,1184,911972.3318913532,36873
3190,1195,925049.3876671771,37484
3191,1217,939971.0713831176,38052
3192,1228,946314.2541086316,38457
3193,1242,957100.5552800504,38937
3194,1220,939848.8001756156,38040
3195,1176,907567.1998376999,36135
3196,1206,928022.00001043,37214
3197,1196,923519.1709250981,36791
3198,1208,935652.3488629753,37377
3199,1221,942391.5499329785,38084
3200,1184,915234.0481317531,36390
3201,1193,916865.4709492727,36415
3202,1146,881767.8970298743,34531
3203,1139,880236.8362275563,34534
3204,1167,898561.0845969855,35450
3205,1146,883369.1132095241,34925
3206,1154,888811.0538674763,35101
3207,1163,895933.8254824205,35470
3208,1175,908445.4654318136,36115
3209,1196,923592.2293529083,36926
3210,1194,927118.6532294856,37249
3211,1166,907781.379111757,36431
3212,1184,919864.613787021,37204
3213,1180,915437.4998985801,36984
3214,1201,929690.564931972,37693
3215,1145,888939.2630860041,34553
3216,1166,900626.9855092078,35123
3217,1169,900687.7130058173,35139
3218,1182,913859.975038951,35778
3219,1205,929010.1775470189,36655
3220,1154,893850.7558267463,34562
3221,1186,913969.765646428,35651
3222,1138,876180.9349131664,34170
3223,1142,877512.3219776877,34387
3224,1153,890557.5403451823,34969
3225,1174,907457.687454667,35824
3226,1185,914397.576451903,35899
3227,1117,862847.0681743358,33260
3228,1147,876688.2217405001,34085
3229,1143,871247.7108612075,33810
3230,1111,844962.1650973649,32107
3231,1140,861829.1220693137,32947
3232,1164,876622.9448905031,33568
3233,1123,848015.5431895634,32583
3234,1147,868540.0307972028,33651
3235,1134,857661.3447852392,33288
3236,1135,853261.0055551896,33062
3237,1139,860579.9233167625,33481
3238,1134,862190.9997766343,33645
3239,1145,874876.1124236055,34355
3240,1163,885868.7194744442,34895
3241,1133,860569.3808242154,33027
3242,1143,862851.4748958012,33114
3243,1122,849818.223621484,32649
3244,1107,838105.9439180748,32026
3245,1126,857294.2774131793,33064
3246,1124,856209.4793730681,32944
3247,1135,870312.7797536368,33887
3248,1149,884286.2551319498,34730
3249,1140,878232.6040971339,34229
3250,1159,894787.8595027941,35103
3251,1168,909183.809393813,35845
3252,1149,901023.5168756747,35781
3253,1157,902297.4615321922,35693
3254,1151,904872.3037540177,36062
3255,1171,919914.2623463526,36932
3256,1190,935157.2145635368,37725
3257,1182,927416.356059685,37635
3258,1146,900134.9608979293,35811
3259,1160,915586.2432952154,36706
3260,1183,928860.5639662002,37404
3261,1202,940669.9162535853,38016
3262,1186,931684.7324291159,37663
3263,1184,935815.8566858973,37917
3264,1178,933542.1248381266,37947
3265,1143,909990.7580726534,36748
3266,1164,927322.7040604176,37627
3267,1192,947843.6869622103,38733
3268,1205,954963.4235449141,39022
3269,1209,963962.6136019657,39535
3270,1146,913998.5262912674,36166
3271,1160,925794.2204329927,36946
3272,1187,943528.5588648152,37800
3273,1164,923466.9732196819,36516
3274,1158,916271.9467169951,36243
3275,1151,907486.1731573594,35669
3276,1167,920291.701974572,36494
3277,1161,911899.5756564336,36289
3278,1163,916028.4817756023,36384
3279,1160,908719.0541607642,36269
3280,1148,895208.6640586,35823
3281,1165,910024.3567297502,36692
3282,1158,901253.0454061193,35993
3283,1178,920362.9490419329,36872
3284,1182,922662.0187587206,37248
3285,1181,928086.3370899886,37738
3286,1160,910230.8671137711,36851
3287,1123,876132.8179201857,34436
3288,1118,875404.8034076354,34200
3289,1137,891242.362161643,35144
3290,1104,864483.6537804034,33172
3291,1116,873978.5608377518,33791
3292,1084,852138.4458984012,32095
3293,1110,868670.5494029544,32894
3294,1103,865450.238617739,32913
3295,1117,875204.9026346448,33508
3296,1134,887738.2469052509,34219
3297,1150,898427.2607786754,34887
3298,1163,907502.8412995642,35359
3299,1151,900046.8658054149,34857
3300,1138,896024.2710577551,34831
3301,1130,889329.7860343194,34516
3302,1145,905412.9285852427,35429
3303,1158,911739.632031372,35711
3304,1130,887990.4443490581,34369
3305,1144,901484.3092134169,35065
3306,1153,911757.1838345949,35755
3307,1098,874430.6932990314,34548
3308,1074,852604.4657406852,33658
3309,1093,865164.8607149955,34246
3310,1105,868790.9454849166,34483
3311,1119,882415.4904400897,35264
3312,1125,884223.0032807874,35268
3313,1082,858409.9629720317,33341
3314,1095,862089.4666319059,33329
3315,1091,857743.8202510164,33213
3316,1116,876887.2267643141,34134
3317,1109,874156.0055597088,33787
3318,1138,887415.8674730867,34421
3319,1151,893411.5221113584,34906
3320,1159,903390.0004454465,35577
3321,1157,901550.1109443101,35688
3322,1093,857094.9147222786,32985
3323,1105,865752.2231432333,33665
3324,1110,871760.2585826245,33938
3325,1130,877947.2066753971,34131
3326,1111,860539.9672243341,33188
3327,1105,863317.3063653043,33174
3328,1122,875990.3467688771,34067
3329,1121,872548.6531218701,33766
3330,1134,877594.0893343386,34241
3331,1151,879504.4540395526,34432
3332,1145,882823.9825804699,34713
3333,1148,886368.4937101728,34979
3334,1124,873244.164729751,34652
3335,1121,876233.6093186357,34812
3336,1100,861052.4649350676,33731
3337,1121,870823.8610816522,34345
3338,1140,880186.8649241795,34856
3339,1179,902120.8837991927,35973
3340,1185,908769.2549162178,36477
3341,1155,887121.2923492481,35593
3342,1126,871479.8731767319,34961
3343,1125,875562.0207072399,35234
3344,1134,886313.3281684049,35764
3345,1150,897580.3716826356,36551
3346,1104,860518.8919977783,34232
3347,1122,874411.4463725886,34848
3348,1116,873087.1098593874,34625
3349,1128,878591.4386390472,35116
3350,1139,886186.589175724,35525
3351,1168,906484.2006906924,36581
3352,1175,912913.7218464207,37022
3353,1163,898788.7481396553,36903
3354,1170,906805.2338590737,37408
3355,1185,921733.5168052373,38308
3356,1164,910658.2665587022,36799
3357,1131,885720.6284927446,35597
3358,1148,901855.6234802442,36552
3359,1134,889280.1701451606,36303
3360,1123,876433.6032965756,35553
3361,1132,880727.5820000716,35945
3362,1139,876333.6645429794,35858
3363,1146,887784.901907537,36352
3364,1176,903592.7437389648,36979
3365,1139,874069.6524348665,35570
3366,1127,865070.2768032225,34733
3367,1148,884999.4296270978,35799
3368,1149,888247.3221317163,35881
3369,1169,900878.8378682486,36750
3370,1156,890240.2644404792,35934
3371,1167,900094.292507705,36524
3372,1148,892025.7763689603,36069
3373,1159,906368.4617281349,36781
3374,1162,907684.5430977241,36938
3375,1168,910120.5769873547,36898
3376,1141,893959.2179662652,35593
3377,1161,913330.8740957846,36565
3378,1136,896409.7864435053,36020
3379,1163,904568.1457680063,36482
3380,1170,907456.0112008653,36843
3381,1191,924676.9867663287,37843
3382,1191,921384.26971208,37931
3383,1148,892838.2662095224,36611
3384,1137,876800.731104435,34657
3385,1155,890712.0507722667,35464
3386,1174,905748.0235754342,36296
3387,1159,903184.2360973684,35484
3388,1165,913232.6737177375,35995
3389,1192,932283.6309170192,36950
3390,1194,944137.0951742245,37790
3391,1169,920674.9298507579,36744
3392,1183,923521.4515555736,36953
3393,1202,934448.2668672281,37698
3394,1192,928772.9606418171,37262
3395,1176,918382.4064276542,36669
3396,1089,848378.4580325943,32064
3397,1129,868893.2259791672,33124
3398,1137,880081.832533029,33855
3399,1148,887105.9232283179,34081
3400,1142,881343.4999288247,33990
3401,1156,900571.6316419548,34976
3402,1178,913847.6075373492,35714
3403,1158,903946.4572545963,35138
3404,1177,921516.1147384761,36056
3405,1191,938703.6682981504,36972
3406,1206,945524.349778138,37267
3407,1167,919946.058166175,35952
3408,1171,931111.7513272108,36714
3409,1167,937998.0955114343,36665
3410,1193,957178.1760662267,37563
3411,1222,974486.6017604122,38605
3412,1204,962698.2303542859,38061
3413,1168,935831.2138676133,36577
3414,1141,910291.4850578533,35451
3415,1110,883409.3290793526,33803
3416,1129,898786.3149108316,34689
3417,1148,917743.2096663509,35640
3418,1176,939050.7527992999,36747
3419,1107,883025.4466820821,34528
3420,1083,864216.9509610565,33677
3421,1108,881692.6045218502,34494
3422,1121,886654.1937742195,34694
3423,1150,906758.849206375,35765
3424,1161,914082.2687785149,36073
3425,1129,888188.2774317993,34700
3426,1092,866182.8236124924,33485
3427,1098,874508.0730814213,33739
3428,1112,887705.4567746986,34627
3429,1124,896654.4835085901,35175
3430,1096,877978.8733427693,33793
3431,1080,862180.0306786373,32923
3432,1100,876394.7313454477,33730
3433,1119,887613.5538075076,34328
3434,1109,872056.2452868273,33316
3435,1113,873713.2002621046,33193
3436,1097,854145.7190205116,31955
3437,1113,866875.9866510598,32692
3438,1135,886449.6424088281,33700
3439,1156,908057.3593372945,34770
3440,1110,871031.692510217,33058
3441,1134,890544.3006671829,34083
3442,1145,897429.2954576669,34509
3443,1142,892498.2728108023,34392
3444,1127,882345.2212823984,34076
3445,1136,884095.2302552413,33997
3446,1119,875519.0655134723,33577
3447,1109,862305.2126919996,33051
3448,1098,857424.3060928851,32607
3449,1121,872867.5301285023,33437
3450,1110,867113.2244987508,32916
3451,1107,867464.2365135145,33040
3452,1119,877404.4679602814,33619
3453,1095,865022.05217693,33469
3454,1105,870469.5931710281,33649
3455,1129,881451.9250661623,34347
3456,1125,878809.4740820334,34349
3457,1129,880221.169374708,34633
3458,1137,884782.5472091358,35252
3459,1146,897847.5842162267,35835
3460,1118,879968.6373132305,35301
3461,1122,876474.2023695561,35215
3462,1118,874401.3569780189,35282
3463,1117,874817.5867824246,35223
3464,1121,886853.1207838472,35956
3465,1117,884508.3950113164,35461
3466,1139,898686.8699028087,36142
3467,1130,883042.6489198297,35231
3468,1139,892840.3568647581,35891
3469,1165,907819.2863765397,36698
3470,1166,906079.8519724477,36745
3471,1168,904854.4770880325,36808
3472,1173,904119.2851301805,36710
3473,1185,914539.0747745762,37493
3474,1147,884620.3341501559,35883
3475,1141,878062.5445267773,34961
3476,1159,892628.1089978382,35771
3477,1182,911722.611547162,36855
3478,1157,898835.1005027404,36212
3479,1184,917080.0991329207,36871
3480,1170,913263.4439452114,36738
3481,1185,933634.8964314427,37847
3482,1148,904520.5721750894,36361
3483,1161,915416.5304473236,37099
3484,1113,876836.5500162707,35180
3485,1138,893488.4084052284,36090
3486,1163,911013.2525366389,36888
3487,1154,905616.4237931934,36902
3488,1129,888338.141194842,35962
3489,1126,888757.6489139927,35995
3490,1117,882598.9762096095,35419
3491,1134,891618.6688108634,35898
3492,1092,867290.3397317416,34584
3493,1110,885858.665056545,35564
3494,1126,902182.6563734411,36484
3495,1159,920993.4075505873,37339
3496,1148,919838.6647109651,37481
3497,1154,930480.2509680785,38061
3498,1155,927791.42931431,38240
3499,1131,902979.7476734498,36730
3500,1148,920966.3435361038,37676
3501,1157,926828.2917442111,37952
3502,1157,927516.6328490842,37846
3503,1101,884922.0137728484,35369
3504,1119,890914.9154988066,35909
3505,1129,904722.2343042042,36526
3506,1127,906896.0318932225,36728
3507,1137,917147.102787635,37374
3508,1152,933707.2931867297,38341
3509,1149,933266.7430348486,38345
3510,1035,839981.3989373556,33161
3511,1064,855862.7539784778,33939
3512,1077,862409.0207295449,34492
3513,1108,882541.743865879,35539
3514,1108,883246.3908935718,35624
3515,1113,886595.9810230425,35920
3516,1128,898201.4772247167,36470
3517,1136,904439.98005052,37069
3518,1108,883478.8037297179,35497
3519,1125,895601.3353388647,36174
3520,1135,902320.8444197587,36694
3521,1105,881925.885595385,35580
3522,1071,851192.733786252,34283
3523,1055,838120.8125135392,33306
3524,1061,847008.9946383635,33767
3525,1075,854962.1561094511,33862
3526,1077,863728.6783453856,34489
3527,1038,831853.2534341599,32443
3528,1050,840504.2480471719,33036
3529,1061,846090.4667237813,33277
3530,1070,853107.6710358186,33735
3531,1057,839125.8566257197,33176
3532,1083,856090.0234582184,34017
3533,1109,869679.9161427625,34797
3534,1057,822556.6420702018,31467
3535,1087,839492.662890305,32300
3536,1106,856908.4519777168,33279
3537,1122,863083.5874807494,33502
3538,1074,826761.0026501019,32002
3539,1081,833945.4025387054,32349
3540,1093,843792.7085475597,33075
3541,1113,857756.1137775132,33770
3542,1073,823152.1688025013,32152
3543,1053,808518.7558280196,31044
3544,1075,825996.6255484462,31988
3545,1068,817206.6741763181,31537
3546,1092,829265.495709591,32311
3547,1087,830433.9475707131,32772
3548,1106,846149.9517610258,33648
3549,1096,838902.9212298301,33056
3550,1120,855920.3774260393,33913
3551,1131,861889.2695073445,34220
3552,1132,865317.00809974,34464
3553,1101,841678.0121666841,33283
3554,1029,787380.8801662249,30254
3555,1022,784026.3869172377,30068
3556,1037,795033.2877358979,30140
3557,1071,811418.5423627857,31061
3558,1093,826035.1929788102,31819
3559,1120,841721.3046682094,32683
3560,1146,858683.4539274778,33547
3561,1141,859886.0844476536,33548
3562,1154,867366.0305994819,34110
3563,1121,844868.8699814056,32349
3564,1137,862623.8781664672,33341
3565,1123,853995.4337534045,33020
3566,1131,863834.4876383946,33588
3567,1114,859998.9243763483,33558
3568,1130,875658.1304119158,34405
3569,1094,840581.8042675789,32288
3570,1073,832489.1451665506,32131
3571,1090,851893.1225554954,33047
3572,1112,868100.3429358993,33831
3573,1112,868373.315577624,34189
3574,1108,865483.5302030162,34026
3575,1088,852446.5347539345,33300
3576,1103,864694.6210316821,33889
3577,1125,879510.2515779784,34542
3578,1122,872364.5082056648,34199
3579,1110,860105.3762942002,33468
3580,1126,873499.3858246362,34051
3581,1142,881551.6472206044,34798
3582,1105,854694.8446633066,33150
3583,1085,833969.6221445949,31745
3584,1107,849870.1221310974,32484
3585,1133,868666.436410072,33517
3586,1156,886508.4921974152,34402
3587,1143,874136.3120533631,34338
3588,1158,887152.1061183529,35042
3589,1164,892796.9660178539,35426
3590,1187,905781.4813068225,36243
3591,1095,834422.217958016,31714
3592,1124,856000.2594621701,32795
3593,1102,843815.1468593016,31991
3594,1125,861489.8758442856,32943
3595,1148,877661.8461059029,33824
3596,1165,891961.8261498976,34405
3597,1188,907829.7558533488,35270
3598,1211,926806.7391596952,36322
3599,1174,907416.7219596452,35693
3600,1165,900760.7515858717,35096
3601,1198,921393.6274399558,36158
3602,1137,882235.6038284813,34127
3603,1159,899535.0973598206,34851
3604,1147,901057.4322708414,34997
3605,1145,900466.0053577038,34968
3606,1164,911644.5286179113,35759
3607,1157,913100.8083075895,35950
3608,1133,905246.9170423727,35723
3609,1157,921226.55918403,36500
3610,1116,886865.9292619042,35318
3611,1152,907751.640193815,36380
3612,1128,889308.0244924587,35684
3613,1126,885869.5867168022,35347
3614,1115,881908.0453492533,34970
3615,1110,883302.8751658534,34990
3616,1125,896305.600291975,35731
3617,1139,909087.7023728138,36513
3618,1087,860840.145755536,33362
3619,1095,872154.4996722925,34189
3620,1086,859048.8447730901,33622
3621,1108,871991.777040388,34411
3622,1127,890110.4328429628,35271
3623,1144,902694.0288534738,35924
3624,1153,910544.1906903227,36557
3625,1165,918129.5824044849,37070
3626,1143,904620.2529293809,36257
3627,1158,915664.2377542272,36998
3628,1141,905689.0175192431,36580
3629,1140,906920.1888877144,36432
3630,1137,900653.0107151773,36076
3631,1141,903921.3776047449,36353
3632,1134,900660.4105097728,36088
3633,1136,905899.0058879089,36260
3634,1145,910462.6393970475,36226
3635,1164,922567.3957229622,37020
3636,1145,903341.8258831272,35873
3637,1151,909733.3101774044,36084
3638,1170,928992.3798943338,37135
3639,1192,948402.5427121521,38155
3640,1150,916654.6015316995,35802
3641,1130,888740.0360447069,34594
3642,1140,892097.8220021299,34706
3643,1109,873512.3896421541,33938
3644,1120,886947.011333308,34658
3645,1128,891871.2005511653,34631
3646,1119,876540.6614703666,33818
3647,1127,885939.5046460214,34483
3648,1127,886310.2523167327,34630
3649,1141,897752.1326697762,35148
3650,1109,868954.7324035341,33808
3651,1105,870673.5077374633,33936
3652,1121,880548.8426410308,34208
3653,1146,898465.9325460151,35020
3654,1145,899782.6440338192,35102
3655,1152,904932.8686284132,35396
3656,1152,901505.442552338,35297
3657,1162,907008.8949798901,35724
3658,1182,922473.1117279795,36575
3659,1163,908036.3018827119,35761
3660,1066,832749.7366740253,31265
3661,1072,841571.8197267035,31431
3662,1087,853407.5122826189,32178
3663,1096,862307.2978467795,32412
3664,1110,875330.6213884933,33217
3665,1096,860973.4910625443,32819
3666,1113,868746.9437618777,33438
3667,1137,885965.7732202212,34394
3668,1138,891466.7151294305,34887
3669,1093,861495.5947003441,33860
3670,1053,830673.5021402461,32565
3671,1081,850620.7981660999,33593
3672,1118,871719.1072085311,34657
3673,1141,882593.0021125907,35420
3674,1104,861842.5055030615,34702
3675,1121,877649.9907256452,35598
3676,1131,881354.5916927168,35493
3677,1139,881588.0074411838,35512
3678,1107,860429.4074333236,34046
3679,1100,860540.0468713702,33792
3680,1125,873905.3665058706,34393
3681,1130,875773.6469716763,34507
3682,1144,888124.2257709634,35179
3683,1121,869951.7052245481,34187
3684,1124,866593.8336777226,34306
3685,1141,883776.5489017041,35216
3686,1140,885772.9695440844,35344
3687,1139,889434.5968671002,35923
3688,1138,879133.2114972629,35171
3689,1156,893311.6164869426,35740
3690,1150,883901.1530127967,35013
3691,1148,881847.8047706989,34650
3692,1149,884332.3536143013,34850
3693,1134,875086.5093143365,34311
3694,1128,869597.9666314357,34246
3695,1141,880339.9106361206,35019
3696,1132,876488.6242967407,35010
3697,1139,881683.9847141198,35404
3698,1121,868198.4331170567,34739
3699,1095,846213.801894086,33756
3700,1107,855494.3277395613,34054
3701,1038,808821.3981420129,31069
3702,1067,827978.7300396556,32059
3703,1098,843950.3512949183,33020
3704,1128,857741.8353557604,33951
3705,1129,858352.3860695871,33430
3706,1094,834158.5048296354,32459
3707,1095,835637.6214416359,32338
3708,1056,797465.2312987117,30361
3709,1074,809331.2565518451,31069
3710,1102,828469.1707987763,32021
3711,1131,843205.1705675129,32903
3712,1156,853992.6689564795,33604
3713,1141,844033.1474061982,33206
3714,1161,862168.2702882503,34218
3715,1150,859196.3740118198,34255
3716,1128,841738.3605738067,33714
3717,1139,847395.4927604398,34202
3718,1109,831353.069000989,33316
3719,1123,845338.0645314757,34137
3720,1141,860010.1449341691,35076
3721,1145,865686.0260027737,35413
3722,1173,886355.0377631458,36493
3723,1147,863935.2380642161,34862
3724,1118,845912.5728893923,33476
3725,1121,843975.2029738029,33244
3726,1134,853610.0654350574,33812
3727,1152,867292.7293757587,34495
3728,1135,857585.8986237302,33832
3729,1143,863805.8285554472,34191
3730,1148,870910.435670817,34830
3731,1170,883307.0679833712,35358
3732,1164,887421.1129209802,35157
3733,1151,871392.8405582601,34113
3734,1155,870088.0502928122,34039
3735,1163,880667.7094652611,34634
3736,1106,832328.7684264928,31990
3737,1144,850080.0372596907,32768
3738,1153,862972.5037234147,33551
3739,1152,867039.0877262667,33717
3740,1161,873217.1119619235,33926
3741,1152,864859.6423123652,33631
3742,1141,859181.6000374719,33670
3743,1130,850949.4674611443,33290
3744,1159,868644.881538383,34279
3745,1160,870767.4093536425,34615
3746,1175,887927.7885183926,35674
3747,1108,831838.2054206035,31987
3748,1128,849059.0854446122,32891
3749,1131,857428.7504461054,33141
3750,1144,867108.6372921456,33703
3751,1170,887201.5232798313,34758
3752,1190,904001.7026645979,35718
3753,1139,860860.2868524356,33397
3754,1141,859247.6019333351,33486
3755,1142,862383.7423985052,33778
3756,1170,885009.0884752136,34903
3757,1179,892752.1727919829,35369
3758,1155,874892.8680271686,34507
3759,1175,887734.350758244,35333
3760,1195,903726.615404961,35990
3761,1204,911465.046398938,36273
3762,1172,887699.7052218888,35074
3763,1133,863681.6707885893,33979
3764,1145,873161.3461610089,34007
3765,1150,878121.5017870237,34282
3766,1124,855241.3023806559,32992
3767,1119,847881.8567880165,32349
3768,1131,863006.9990523271,33073
3769,1169,885741.6924003736,34181
3770,1179,895404.384422253,34582
3771,1165,877921.3063330672,33872
3772,1189,892758.3634721043,34568
3773,1188,893659.2529035853,34909
3774,1187,898201.6421322873,35171
3775,1191,904836.9704594819,35708
3776,1190,905787.2724296483,35883
3777,1151,877780.7881825567,34280
3778,1152,882870.9708513195,34341
3779,1154,884581.1538918765,34489
3780,1160,890646.918189117,34967
3781,1175,900636.7310533134,35736
3782,1136,870303.2654674684,33597
3783,1155,884978.9873344414,34451
3784,1169,892696.8146477757,34956
3785,1169,882384.1322051226,34573
3786,1145,859715.253288694,33319
3787,1136,851475.0320948544,32735
3788,1155,870422.5995574195,33653
3789,1160,878253.7587205399,33985
3790,1170,882440.4268319765,34083
3791,1169,885242.5105496995,34435
3792,1174,889039.377296327,34631
3793,1172,896418.1523671845,34780
3794,1146,878535.8607496535,33321
3795,1165,891007.9727289109,33954
3796,1174,901909.8328236889,34694
3797,1113,852662.0195547931,31892
3798,1117,857994.2786356837,32238
3799,1148,871388.8952880374,32986
3800,1158,882160.3361102191,33750
3801,1192,903674.0278338433,34870
3802,1200,911590.291686157,35006
3803,1205,910485.6796519355,34544
3804,1240,930889.9381102232,35659
3805,1239,934153.0250335482,35967
3806,1242,935410.5108661726,36344
3807,1257,946686.3106057434,37155
3808,1274,963271.4804234925,38094
3809,1168,891874.2201460073,34613
3810,1126,869914.434464741,33319
3811,1131,876821.489773078,33821
3812,1126,878968.1743823452,33809
3813,1139,894230.2828154255,34635
3814,1125,887276.9375332058,34327
3815,1123,876190.3964972299,33679
3816,1139,891544.3739247742,34649
3817,1116,882604.5416723939,34283
3818,1130,895779.7121895625,34932
3819,1125,894890.4906018924,34807
3820,1124,892045.5765923861,34518
3821,1124,890913.3049439408,34387
3822,1124,890429.8897032777,34527
3823,1139,901208.3635287677,35064
3824,1104,871497.8415590175,33655
3825,1106,877583.0817833783,33818
3826,1106,877970.6105511988,33969
3827,1104,878527.9333101494,33672
3828,1111,891946.601798798,34476
3829,1102,883630.1382679029,34194
3830,1104,882499.6025001985,34048
3831,1110,887488.9147062756,34355
3832,1112,895510.2183383589,35053
3833,1112,901092.0272906459,35260
3834,1075,867993.4474974799,33221
3835,1097,883423.1780394794,33983
3836,1123,900259.3586868136,34958
3837,1136,910488.4135113512,35451
3838,1143,915504.4453309611,36038
3839,1137,914836.3239932792,36141
3840,1146,926123.8556726811,36853
3841,1119,914450.8880448808,36170
3842,1117,909108.074571756,36169
3843,1089,881987.2641631634,34537
3844,1094,886828.5629328045,34603
3845,1117,904464.0267094055,35562
3846,1123,910129.3220458239,36104
3847,1133,907989.4545754646,36121
3848,1130,908195.0661572999,36548
3849,1115,897453.2508647891,34977
3850,1137,909793.7136565829,35571
3851,1152,924110.3469617384,36350
3852,1136,909488.4279393487,35406
3853,1127,906569.9084015847,35480
3854,1043,844293.849121917,32291
3855,1051,854940.0771701043,32908
3856,1065,858411.5437712263,33440
3857,1094,879633.9099058261,34486
3858,1108,878816.997949704,34009
3859,1112,888072.5298267636,34678
3860,1107,880330.8525146962,34156
3861,1111,883644.2607072805,34798
3862,1125,893631.8569797281,35269
3863,1115,886637.861107271,35195
3864,1126,894248.365147636,35888
3865,1100,866623.2770370475,34322
3866,1127,881764.5267212758,35061
3867,1118,878022.1087499708,34967
3868,1120,877403.321703208,34837
3869,1142,889184.0999633417,35168
3870,1162,897137.6769340563,35691
3871,1126,867777.5316251674,34452
3872,1134,875510.8748529018,34486
3873,1156,892181.0286077451,35284
3874,1178,912451.3286002142,36380
3875,1122,869461.2720513386,34452
3876,1146,883364.9479459355,35252
3877,1155,890065.1504806719,35098
3878,1065,824604.1839744645,30601
3879,1076,831788.0623432634,30973
3880,1095,846856.7700001496,31626
3881,1108,852293.7964591825,32002
3882,1106,845777.1089415981,31868
3883,1122,859209.2900468999,32360
3884,1144,877448.2444895948,33330
3885,1109,853641.179847155,31765
3886,1129,866719.6294211369,32555
3887,1087,829641.8199349369,30571
3888,1069,818185.7333478787,29821
3889,1098,836520.3129960098,30846
3890,1110,842211.5447007054,31399
3891,1133,858725.1738031849,32333
3892,1160,877573.4102789427,33347
3893,1097,827836.7568834716,30869
3894,1094,826190.8566414845,30491
3895,1100,831481.0329107327,30925
3896,1120,847523.1202342027,31781
3897,1131,852604.3818217476,32097
3898,1104,842338.1223707591,31523
3899,1118,847811.2219812226,32024
3900,1141,862119.4789266208,32838
3901,1158,874263.9244455257,33619
3902,1158,869511.3505202405,33381
3903,1164,879895.908052977,34204
3904,1165,881879.9754497156,34323
3905,1182,891910.5236589405,34970
3906,1161,876733.6169505473,33944
3907,1147,863893.3444933486,33667
3908,1165,874921.3659701603,34220
3909,1163,881330.5088329854,34459
3910,1150,866108.3771288394,33751
3911,1161,876870.1857654492,34445
3912,1163,874231.3796459384,33944
3913,1197,892797.58474509,34973
3914,1207,901124.2381199762,35403
3915,1217,907222.5423432135,35732
3916,1193,890593.0169028374,34800
3917,1195,885161.89601806,34154
3918,1195,888044.7373056081,34534
3919,1185,881220.6725723578,33754
3920,1183,879763.650754934,33746
3921,1213,901214.4157521162,34872
3922,1226,918861.8047252699,35867
3923,1253,940208.9159170752,36985
3924,1163,881724.8855763859,33900
3925,1158,885241.3610254539,34278
3926,1165,897760.7047939518,35076
3927,1144,882911.1338625324,34185
3928,1137,874952.4885822113,33584
3929,1154,893255.1130134607,34546
3930,1118,863348.6111536102,33068
3931,1143,881624.528115025,34107
3932,1161,896271.4421792934,34772
3933,1142,883325.179272604,34115
3934,1161,901433.8323583873,35173
3935,1179,913624.8564320205,35795
3936,1166,909387.0070156537,35778
3937,1150,891727.3732614896,34925
3938,1160,892046.8471872784,34965
3939,1163,898263.6080020239,35521
3940,1162,897434.5558307765,35523
3941,1174,908151.5455804814,36165
3942,1172,911423.2249919301,36338
3943,1185,918766.1532879238,36972
3944,1189,916510.3224675233,36947
3945,1170,907982.2592433351,36711
3946,1113,861167.5773419035,33449
3947,1135,879465.6135980922,34334
3948,1131,871667.9081769421,34153
3949,1148,884826.2368838307,34792
3950,1161,899389.0061829912,35520
3951,1133,884914.0488749131,34995
3952,1100,860094.9738512781,33948
3953,1136,879105.7398782586,34905
3954,1147,892432.2484782821,35430
3955,1167,903743.7413671374,35916
3956,1167,903532.7291926687,35824
3957,1188,923564.342678104,36906
3958,1192,933294.0137642339,37551
3959,1155,898463.5085195049,36199
3960,1154,896621.0208501129,36346
3961,1153,905281.4503027204,36972
3962,1152,906034.8064739783,37009
3963,1149,903293.1087765418,36510
3964,1117,877604.1838314459,34312
3965,1113,878820.0932825416,34336
3966,1132,890396.8415727019,34694
3967,1147,897299.574304845,34850
3968,1166,908781.5865561501,35275
3969,1163,911859.6346006903,35404
3970,1159,904504.2704839519,34700
3971,1176,922848.4859154999,35685
3972,1171,923000.1095259234,35750
3973,1183,928787.9782740456,36283
3974,1167,912601.8490776102,35768
3975,1201,932793.7065448978,36687
3976,1172,914435.548356727,36147
3977,1175,918124.1655595538,36367
3978,1148,904521.7527595314,35278
3979,1135,902708.2017469949,34517
3980,1142,908180.4994806059,34777
3981,1136,907679.3635904514,34869
3982,1140,905731.5161829157,34871
3983,1159,917594.3491775445,35297
3984,1148,916387.6996635469,35675
3985,1127,901864.7712499183,35078
3986,1143,909314.8098842949,35447
3987,1132,898217.7100335249,35187
3988,1129,892575.1860885754,34776
3989,1124,896724.0309938634,34942
3990,1143,912133.8620124009,35841
3991,1035,825029.57461353,31122
3992,1036,817810.8429157302,30271
3993,1039,824389.2235282545,30717
3994,1035,822291.0371791036,30865
3995,1038,827854.8541390965,31303
3996,1050,840045.4040887385,31822
3997,1069,856624.2795368753,32700
3998,1072,865369.1614699777,33409
3999,1002,804470.6380153974,30555
4000,1031,821305.2302122174,31456
