{
  "top_dense_avalanche_regimes": [
    {
      "lambda_creation": 1,
      "theta": 0.5,
      "late_loans_per_alive_mean": 6.952209911914203,
      "late_loans_per_alive_sd": 0.5306686897351454,
      "late_financial_density_mean": 0.35885949368775893,
      "late_financial_density_sd": 0.0048242162206946215,
      "late_failures_per_step_mean": 1.1600000000000001,
      "late_failures_per_step_sd": 0.025000000000000022,
      "late_secondary_share_mean": 0.3316790274912173,
      "late_secondary_share_sd": 0.010093124407516862,
      "late_secondary_per_fragile_mean": 0.49662837162837165,
      "late_secondary_per_fragile_sd": 0.022602397602397628,
      "alive_final_mean": 254.0,
      "alive_final_sd": 24.0
    },
    {
      "lambda_creation": 1,
      "theta": 0.7,
      "late_loans_per_alive_mean": 6.638954987610848,
      "late_loans_per_alive_sd": 1.010455864302641,
      "late_financial_density_mean": 0.36061630733444683,
      "late_financial_density_sd": 0.012750333508804862,
      "late_failures_per_step_mean": 1.31,
      "late_failures_per_step_sd": 0.0050000000000000044,
      "late_secondary_share_mean": 0.2879317628891511,
      "late_secondary_share_sd": 0.06187812304240782,
      "late_secondary_per_fragile_mean": 0.4150454519136124,
      "late_secondary_per_fragile_sd": 0.12296624399282033,
      "alive_final_mean": 237.5,
      "alive_final_sd": 24.5
    },
    {
      "lambda_creation": 1,
      "theta": 0.35,
      "late_loans_per_alive_mean": 5.730813509620347,
      "late_loans_per_alive_sd": 0.13284074033854765,
      "late_financial_density_mean": 0.329564790930808,
      "late_financial_density_sd": 0.006805918592223348,
      "late_failures_per_step_mean": 1.1275,
      "late_failures_per_step_sd": 0.03749999999999998,
      "late_secondary_share_mean": 0.17558176162538883,
      "late_secondary_share_sd": 0.012491632870024028,
      "late_secondary_per_fragile_mean": 0.21325510647544546,
      "late_secondary_per_fragile_sd": 0.018383311603650587,
      "alive_final_mean": 267.0,
      "alive_final_sd": 9.0
    },
    {
      "lambda_creation": 2,
      "theta": 0.7,
      "late_loans_per_alive_mean": 5.366917938849111,
      "late_loans_per_alive_sd": 0.6800161445201787,
      "late_financial_density_mean": 0.333241629614203,
      "late_financial_density_sd": 0.019308281166880742,
      "late_failures_per_step_mean": 1.7475,
      "late_failures_per_step_sd": 0.3224999999999999,
      "late_secondary_share_mean": 0.2542461225527587,
      "late_secondary_share_sd": 0.03319349097381134,
      "late_secondary_per_fragile_mean": 0.3435868071461292,
      "late_secondary_per_fragile_sd": 0.059803023362345414,
      "alive_final_mean": 530.5,
      "alive_final_sd": 68.5
    },
    {
      "lambda_creation": 2,
      "theta": 0.5,
      "late_loans_per_alive_mean": 4.373458362360355,
      "late_loans_per_alive_sd": 0.34662834323865965,
      "late_financial_density_mean": 0.2934200038964728,
      "late_financial_density_sd": 0.01590651422867606,
      "late_failures_per_step_mean": 1.31,
      "late_failures_per_step_sd": 0.19999999999999996,
      "late_secondary_share_mean": 0.14193663862538036,
      "late_secondary_share_sd": 0.02031501700375872,
      "late_secondary_per_fragile_mean": 0.16606871389480085,
      "late_secondary_per_fragile_sd": 0.027607175433262382,
      "alive_final_mean": 634.0,
      "alive_final_sd": 61.0
    },
    {
      "lambda_creation": 2,
      "theta": 0.35,
      "late_loans_per_alive_mean": 4.292229000667513,
      "late_loans_per_alive_sd": 0.07151872628018374,
      "late_financial_density_mean": 0.2783577229195579,
      "late_financial_density_sd": 0.0018745218259588747,
      "late_failures_per_step_mean": 1.1575,
      "late_failures_per_step_sd": 0.007500000000000062,
      "late_secondary_share_mean": 0.11880947938048143,
      "late_secondary_share_sd": 0.00292965105430118,
      "late_secondary_per_fragile_mean": 0.13484091127559358,
      "late_secondary_per_fragile_sd": 0.0037729501105450425,
      "alive_final_mean": 666.5,
      "alive_final_sd": 33.5
    },
    {
      "lambda_creation": 3,
      "theta": 0.7,
      "late_loans_per_alive_mean": 3.760426373328184,
      "late_loans_per_alive_sd": 0.3085610130114844,
      "late_financial_density_mean": 0.2628794052593317,
      "late_financial_density_sd": 0.019206403911284586,
      "late_failures_per_step_mean": 1.3225,
      "late_failures_per_step_sd": 0.25249999999999995,
      "late_secondary_share_mean": 0.15188399347277853,
      "late_secondary_share_sd": 0.016369974781189747,
      "late_secondary_per_fragile_mean": 0.17952341654631732,
      "late_secondary_per_fragile_sd": 0.02276665978956055,
      "alive_final_mean": 1058.5,
      "alive_final_sd": 42.5
    },
    {
      "lambda_creation": 3,
      "theta": 0.5,
      "late_loans_per_alive_mean": 3.293356852320448,
      "late_loans_per_alive_sd": 0.046202481437267684,
      "late_financial_density_mean": 0.23126759846891096,
      "late_financial_density_sd": 0.0005891711409657108,
      "late_failures_per_step_mean": 0.7875,
      "late_failures_per_step_sd": 0.08750000000000002,
      "late_secondary_share_mean": 0.08071428571428571,
      "late_secondary_share_sd": 0.012142857142857143,
      "late_secondary_per_fragile_mean": 0.08799091831312497,
      "late_secondary_per_fragile_sd": 0.014371286411284476,
      "alive_final_mean": 1141.5,
      "alive_final_sd": 14.5
    }
  ],
  "metric_definitions": {
    "late_secondary_share_mean": "part des faillites tardives d'un pas qui etaient solvables avant la resolution",
    "late_secondary_per_fragile_mean": "faillites secondaires tardives par faillite deja fragile au debut de la resolution"
  }
}